order_id,customer_id,order_created_at,order_updated_at,status,currency,order_total,shipping_amount,discount_amount
ORD00001,CUST0180,2023-01-03T08:54:36,03-12-2023 10:49:20,shipped,,44.10,14.82,48.59
ORD00002,CUST0047,2023-10-17T18:15:56,07-26-2023 00:27:25,shipped,,215.72,6.82,18.5
ORD00003,CUST0370,2023-05-06T23:28:03,10-29-2023 16:37:57,COMPLETE,USD,442.84,3.11,37.72
ORD00004,CUST0026,2023-09-19T17:50:37,02-01-2023 16:23:41,cancelled,,334.35,9.71,22.1
ORD00005,CUST0140,2023-03-25T17:14:54,10-21-2023 04:34:48,COMPLETE,USD,179.13,2.22,33.91
ORD00006,CUST0304,2023-07-08T23:44:45,07-24-2023 15:22:54,cancelled,USD,118.05,19.69,2.74
ORD00007,CUST0105,2023-04-28T01:25:55,03-24-2023 00:50:36,shipped,AED,151.83,2.4,24.87
ORD00008,CUST0221,2023-03-10T05:35:39,02-20-2023 04:05:52,refunded,EUR,255.13,16.67,40.31
ORD00009,CUST0037,2023-06-04T04:58:17,12-01-2023 16:13:33,paid,,19.18,18.42,43.11
ORD00010,CUST0295,2023-06-16T17:13:10,08-11-2023 16:28:20,refunded,,151.86,8.1,48.31
ORD00011,CUST0088,2023-11-08T04:51:49,08-29-2023 01:20:42,refunded,AED,53.18,16.89,12.17
ORD00012,CUST0302,2023-06-05T12:27:46,07-23-2023 11:41:05,paid,,436.56,14.92,11.08
ORD00013,CUST0399,2023-03-07T07:06:37,01-30-2023 15:54:26,COMPLETE,USD,270.00,3.88,38.81
ORD00014,CUST0180,2023-10-10T11:39:52,11-15-2023 01:09:15,shipped,EUR,60.37,5.12,8.67
ORD00015,CUST0079,2023-10-23T05:43:12,10-22-2023 19:48:46,paid,EUR,476.13,12.56,23.2
ORD00016,CUST0289,2023-10-23T02:34:06,08-14-2023 01:02:02,refunded,AED,433.48,12.54,7.55
ORD00017,,2023-01-27T12:28:26,07-02-2023 02:39:40,refunded,AED,400.20,11.83,17.6
ORD00018,CUST0038,2023-05-01T13:12:39,06-29-2023 07:45:06,refunded,USD,37.88,16.63,3.84
ORD00019,CUST0443,2023-11-29T03:54:43,02-05-2023 01:37:27,COMPLETE,,236.73,11.09,39.59
ORD00020,CUST0459,2023-01-16T22:21:33,06-24-2023 15:49:18,COMPLETE,EUR,167.55,9.51,7.54
ORD00021,CUST0032,2023-06-24T23:10:47,02-10-2023 04:42:26,cancelled,USD,257.23,3.45,12.39
ORD00022,CUST0225,2023-06-20T15:42:28,07-23-2023 12:40:22,COMPLETE,EUR,188.31,18.36,19.37
ORD00023,CUST0397,2023-05-12T09:48:37,09-21-2023 15:47:07,COMPLETE,USD,396.72,12.95,3.3
ORD00024,CUST0049,2023-08-05T16:35:38,09-21-2023 10:57:13,refunded,AED,133.48,17.03,48.22
ORD00025,CUST0309,2023-12-06T03:33:23,02-28-2023 09:34:51,cancelled,USD,295.54,2.83,17.49
ORD00026,CUST0496,2023-09-12T18:52:23,09-29-2023 06:18:18,refunded,EUR,301.57,18.76,15.48
ORD00027,CUST0193,2023-09-07T21:47:30,11-04-2023 10:49:27,cancelled,EUR,338.36,16.58,36.94
ORD00028,CUST0351,2023-12-21T08:37:53,07-24-2023 10:20:29,paid,,259.16,0.36,15.44
ORD00029,CUST0487,2023-03-25T04:25:13,05-13-2023 17:10:34,refunded,EUR,121.01,2.75,3.86
ORD00030,CUST0433,2023-11-03T01:48:44,02-09-2023 06:42:00,COMPLETE,USD,334.35,17.53,30.9
ORD00031,CUST0306,2023-05-27T07:17:01,03-01-2023 21:44:23,shipped,EUR,417.36,15.42,40.45
ORD00032,CUST0085,2023-10-08T01:54:45,06-19-2023 23:24:42,paid,,188.51,14.39,48.48
ORD00033,CUST0313,2023-04-21T15:43:14,10-20-2023 04:47:38,refunded,EUR,271.67,6.19,40.43
ORD00034,,2023-07-02T03:32:32,12-18-2023 01:39:05,shipped,AED,342.37,11.41,22.03
ORD00035,CUST0394,2023-04-20T10:18:10,10-30-2023 04:38:30,refunded,,483.47,16.34,40.06
ORD00036,CUST0071,2023-12-06T00:58:03,04-08-2023 02:11:55,paid,,438.32,11.09,5.13
ORD00037,CUST0434,2023-07-20T08:37:26,11-27-2023 13:26:33,paid,AED,51.10,3.21,22.47
ORD00038,CUST0263,2023-02-27T05:23:20,11-19-2023 17:55:00,refunded,USD,473.74,4.44,22.56
ORD00039,CUST0179,2023-12-28T08:37:37,01-11-2023 08:35:03,refunded,USD,204.26,7.48,19.31
ORD00040,CUST0042,2023-05-26T14:26:21,03-29-2023 04:51:10,paid,AED,466.10,16.78,32.5
ORD00041,CUST0406,2023-02-26T17:16:41,02-23-2023 10:31:16,paid,AED,459.52,9.45,41.56
ORD00042,CUST0389,2023-10-02T00:04:25,07-02-2023 04:25:23,refunded,USD,453.87,0.38,10.78
ORD00043,CUST0077,2023-08-02T03:13:34,10-10-2023 10:19:10,COMPLETE,,64.48,5.76,15.06
ORD00044,CUST0025,2023-04-03T14:25:02,06-13-2023 01:03:27,COMPLETE,,40.78,16.73,24.99
ORD00045,CUST0275,2023-01-07T09:11:18,09-03-2023 10:14:49,COMPLETE,EUR,362.09,5.83,0.08
ORD00046,CUST0181,2023-04-04T10:13:16,08-10-2023 14:58:16,refunded,EUR,335.54,1.71,48.73
ORD00047,CUST0035,2023-07-24T07:13:45,07-31-2023 07:12:41,COMPLETE,USD,201.32,9.4,31.78
ORD00048,CUST0192,2023-04-09T12:11:30,10-18-2023 05:29:43,paid,AED,396.37,6.9,36.65
ORD00049,CUST0322,2023-02-10T06:13:02,10-27-2023 14:54:50,COMPLETE,AED,75.37,7.05,16.93
ORD00050,CUST0330,2023-03-09T23:56:56,11-19-2023 11:44:11,refunded,,319.55,16.23,3.16
ORD00051,,2023-10-29T10:37:07,06-27-2023 17:52:58,paid,AED,108.78,15.82,44.29
ORD00052,CUST0162,2023-12-29T11:38:53,05-01-2023 10:07:00,COMPLETE,,494.67,10.86,12.67
ORD00053,CUST0386,2023-09-09T05:32:58,03-16-2023 05:12:47,cancelled,AED,432.45,0.96,32.79
ORD00054,CUST0140,2023-02-18T08:11:28,11-07-2023 10:24:40,cancelled,,445.85,14.87,44.73
ORD00055,CUST0198,2023-05-12T16:03:01,03-14-2023 13:15:45,refunded,,190.00,15.95,13.34
ORD00056,CUST0043,2023-10-10T08:53:20,06-14-2023 20:37:25,paid,,305.20,16.45,27.27
ORD00057,CUST0165,2023-02-09T20:16:54,02-01-2023 02:17:46,cancelled,AED,160.18,12.05,21.31
ORD00058,CUST0354,2023-06-22T09:31:33,05-17-2023 12:39:19,refunded,USD,366.14,18.23,30.74
ORD00059,CUST0223,2023-04-17T15:02:29,09-06-2023 08:17:09,paid,USD,338.88,8.12,25.65
ORD00060,CUST0384,2023-09-21T20:33:57,03-04-2023 03:11:03,paid,EUR,425.85,13.56,21.91
ORD00061,CUST0065,2023-01-27T02:39:37,04-02-2023 15:38:10,cancelled,AED,197.60,11.34,30.25
ORD00062,CUST0348,2023-06-24T17:34:56,05-25-2023 01:38:23,cancelled,,383.91,11.48,26.47
ORD00063,CUST0204,2023-05-03T02:17:04,09-10-2023 06:20:41,cancelled,EUR,480.65,0.52,9.3
ORD00064,CUST0266,2023-05-31T06:59:01,12-21-2023 18:49:59,COMPLETE,USD,138.27,5.21,22.31
ORD00065,CUST0314,2023-04-21T21:46:09,09-27-2023 12:22:06,refunded,EUR,70.09,17.06,22.6
ORD00066,CUST0461,2023-10-05T01:05:21,06-22-2023 20:44:13,paid,AED,337.24,14.19,27.5
ORD00067,CUST0149,2023-12-13T03:48:48,04-27-2023 11:47:55,shipped,EUR,398.91,10.18,6.07
ORD00068,,2023-03-20T01:16:22,11-04-2023 14:35:13,shipped,EUR,397.28,0.53,27.7
ORD00069,CUST0189,2023-07-01T12:32:17,11-09-2023 02:40:12,COMPLETE,EUR,309.85,1.72,15.46
ORD00070,CUST0368,2023-10-07T04:21:03,07-05-2023 21:28:55,COMPLETE,,386.89,16.47,3.69
ORD00071,CUST0498,2023-05-04T02:54:43,09-07-2023 11:01:46,paid,,238.26,10.35,6.42
ORD00072,CUST0425,2023-10-31T00:34:39,08-03-2023 02:31:13,COMPLETE,EUR,386.21,2.58,25.14
ORD00073,CUST0445,2023-01-22T12:29:06,11-19-2023 21:07:26,paid,EUR,159.02,3.24,46.74
ORD00074,CUST0116,2023-05-15T09:10:07,07-21-2023 12:28:40,cancelled,USD,132.80,12.7,27.54
ORD00075,CUST0065,2023-08-31T17:37:50,04-28-2023 14:31:47,COMPLETE,USD,256.26,3.37,47.08
ORD00076,CUST0079,2023-03-08T11:42:19,09-13-2023 19:50:07,COMPLETE,AED,422.84,11.27,41.26
ORD00077,CUST0015,2023-02-01T13:03:06,01-18-2023 15:44:04,COMPLETE,AED,329.05,15.34,20.83
ORD00078,CUST0328,2023-01-12T18:17:06,07-13-2023 10:03:04,COMPLETE,AED,324.53,6.04,12.24
ORD00079,CUST0414,2023-09-24T00:34:38,06-07-2023 17:03:24,cancelled,,45.76,1.2,21.98
ORD00080,CUST0248,2023-06-30T08:54:52,03-21-2023 05:37:56,cancelled,EUR,163.17,14.37,36.71
ORD00081,CUST0441,2023-05-15T03:05:12,06-04-2023 20:18:29,shipped,AED,262.34,2.12,12.09
ORD00082,CUST0063,2023-04-14T21:01:00,06-24-2023 14:32:18,shipped,EUR,57.44,5.8,19.21
ORD00083,CUST0316,2023-06-12T09:17:53,04-07-2023 10:02:48,shipped,AED,467.54,14.42,9.49
ORD00084,CUST0082,2023-07-13T12:10:17,07-19-2023 21:34:59,refunded,,440.75,9.95,4.5
ORD00085,,2023-06-02T17:16:58,07-16-2023 07:05:01,refunded,EUR,115.42,7.06,2.53
ORD00086,CUST0254,2023-08-21T01:16:42,12-09-2023 15:59:59,refunded,AED,272.98,16.94,21.55
ORD00087,CUST0452,2023-04-13T17:03:57,10-10-2023 12:51:59,cancelled,,189.31,8.01,28.51
ORD00088,CUST0100,2023-05-21T18:57:59,08-03-2023 20:24:41,cancelled,USD,199.31,9.01,27.49
ORD00089,CUST0423,2023-08-31T01:01:57,09-22-2023 05:46:29,COMPLETE,USD,73.05,1.93,18.66
ORD00090,CUST0174,2023-08-05T15:22:10,05-22-2023 23:41:54,shipped,EUR,305.21,8.03,2.01
ORD00091,CUST0020,2023-02-23T05:16:17,10-05-2023 03:09:29,cancelled,,264.47,2.98,44.66
ORD00092,CUST0072,2023-05-08T08:51:47,12-28-2023 16:59:08,COMPLETE,AED,89.63,19.81,36.97
ORD00093,CUST0154,2023-08-19T13:54:53,05-11-2023 15:13:40,COMPLETE,,357.28,6.0,40.79
ORD00094,CUST0189,2023-05-09T15:22:36,09-19-2023 16:19:50,paid,,296.01,15.94,36.27
ORD00095,CUST0353,2023-09-02T09:07:58,01-11-2023 08:22:10,COMPLETE,,140.11,13.11,48.6
ORD00096,CUST0297,2023-08-13T07:56:34,03-30-2023 08:51:23,paid,,93.55,12.58,30.99
ORD00097,CUST0431,2023-05-28T15:37:50,02-27-2023 09:22:09,shipped,USD,290.56,14.01,9.54
ORD00098,CUST0226,2023-05-02T19:49:33,06-12-2023 15:18:55,shipped,,348.35,8.21,38.75
ORD00099,CUST0472,2023-07-03T03:40:53,12-05-2023 23:15:02,paid,EUR,264.15,11.22,49.91
ORD00100,CUST0245,2023-07-24T01:48:07,05-27-2023 08:15:41,cancelled,EUR,235.24,10.66,27.31
ORD00101,CUST0347,2023-10-27T19:27:58,12-03-2023 23:07:30,cancelled,,104.21,4.93,27.9
ORD00102,,2023-03-29T07:54:45,04-26-2023 13:58:07,cancelled,EUR,348.22,9.78,23.99
ORD00103,CUST0287,2023-12-29T14:43:05,12-29-2023 22:02:06,cancelled,AED,69.72,13.53,18.98
ORD00104,CUST0203,2023-11-14T19:49:50,05-15-2023 00:53:17,shipped,AED,30.61,19.11,3.95
ORD00105,CUST0474,2023-06-21T19:14:39,09-12-2023 18:06:09,cancelled,,114.85,16.56,13.56
ORD00106,CUST0288,2023-09-28T08:47:12,04-16-2023 11:41:44,shipped,USD,311.68,11.74,12.12
ORD00107,CUST0343,2023-12-18T12:55:41,07-26-2023 05:39:55,shipped,EUR,35.72,8.27,35.87
ORD00108,CUST0052,2023-09-22T13:10:10,10-27-2023 08:03:37,shipped,USD,482.61,19.56,7.9
ORD00109,CUST0335,2023-12-30T03:07:50,12-09-2023 00:13:45,refunded,,328.76,15.12,14.36
ORD00110,CUST0147,2023-09-08T20:12:17,01-23-2023 23:26:06,paid,EUR,272.22,14.46,46.83
ORD00111,CUST0468,2023-12-24T20:43:52,03-09-2023 23:43:19,refunded,EUR,467.62,0.73,41.81
ORD00112,CUST0404,2023-07-12T09:18:45,03-14-2023 08:33:00,cancelled,USD,14.54,11.36,5.37
ORD00113,CUST0172,2023-04-21T12:18:24,06-26-2023 10:50:25,COMPLETE,,445.74,2.68,25.21
ORD00114,CUST0140,2023-03-16T21:07:56,11-11-2023 02:41:30,paid,AED,89.62,9.18,12.86
ORD00115,CUST0096,2023-01-06T11:16:27,10-14-2023 01:46:35,cancelled,AED,288.21,15.15,8.77
ORD00116,CUST0439,2023-09-06T01:21:21,12-15-2023 09:02:40,refunded,,262.49,1.73,33.46
ORD00117,CUST0095,2023-02-24T14:35:51,07-05-2023 10:11:41,cancelled,EUR,13.35,7.67,22.34
ORD00118,CUST0137,2023-05-09T00:19:49,04-28-2023 06:20:21,COMPLETE,USD,138.16,7.19,11.82
ORD00119,,2023-09-17T08:13:03,02-15-2023 21:56:07,refunded,AED,88.26,13.72,46.16
ORD00120,CUST0455,2023-10-01T05:37:36,10-26-2023 23:26:19,cancelled,USD,322.97,18.81,18.38
ORD00121,CUST0114,2023-03-27T02:25:35,02-21-2023 20:57:04,refunded,EUR,232.94,19.78,18.68
ORD00122,CUST0360,2023-08-02T07:14:11,12-21-2023 11:53:01,refunded,EUR,383.31,13.61,29.79
ORD00123,CUST0404,2023-02-01T19:05:11,07-24-2023 02:04:37,refunded,AED,48.27,11.28,3.09
ORD00124,CUST0281,2023-12-17T15:31:39,07-16-2023 07:28:51,shipped,EUR,90.62,17.09,22.09
ORD00125,CUST0349,2023-03-21T18:28:50,10-06-2023 10:09:35,COMPLETE,,54.56,10.21,40.43
ORD00126,CUST0233,2023-02-21T05:48:37,07-19-2023 07:48:59,refunded,,286.32,11.18,33.64
ORD00127,CUST0158,2023-10-08T21:27:32,01-09-2023 10:54:55,refunded,AED,410.06,14.92,28.92
ORD00128,CUST0024,2023-06-14T13:08:45,05-14-2023 19:14:30,paid,USD,467.95,1.38,46.69
ORD00129,CUST0017,2023-04-22T11:52:45,06-08-2023 18:54:57,shipped,EUR,385.26,19.57,32.29
ORD00130,CUST0216,2023-05-26T10:13:43,12-13-2023 03:49:52,refunded,,436.11,18.14,18.78
ORD00131,CUST0350,2023-09-15T00:21:12,12-06-2023 15:25:53,COMPLETE,EUR,330.23,6.96,8.92
ORD00132,CUST0276,2023-06-02T15:34:19,07-25-2023 09:10:11,shipped,EUR,419.06,15.12,48.92
ORD00133,CUST0238,2023-09-19T13:28:25,10-07-2023 06:26:29,COMPLETE,,270.65,16.47,12.38
ORD00134,CUST0178,2023-03-02T05:50:09,04-18-2023 01:14:30,shipped,USD,25.79,13.2,30.75
ORD00135,CUST0480,2023-12-10T05:12:31,12-12-2023 06:27:57,paid,EUR,110.98,2.02,1.68
ORD00136,,2023-08-21T03:45:32,09-18-2023 23:42:51,paid,EUR,372.87,8.05,11.72
ORD00137,CUST0112,2023-10-20T23:23:03,12-02-2023 10:32:57,paid,EUR,256.91,5.79,40.79
ORD00138,CUST0375,2023-08-12T17:44:15,05-04-2023 20:23:52,COMPLETE,AED,126.08,17.53,49.28
ORD00139,CUST0267,2023-03-27T20:16:03,06-10-2023 14:39:37,cancelled,AED,39.87,18.97,43.99
ORD00140,CUST0467,2023-03-10T00:21:34,09-01-2023 02:40:44,refunded,,32.97,6.89,32.17
ORD00141,CUST0196,2023-11-02T04:13:46,07-23-2023 16:21:00,cancelled,,210.05,6.0,9.19
ORD00142,CUST0276,2023-07-03T21:30:55,04-04-2023 13:59:10,shipped,AED,430.20,2.89,23.15
ORD00143,CUST0030,2023-08-07T09:49:01,06-10-2023 06:25:58,refunded,EUR,200.33,5.1,16.51
ORD00144,CUST0041,2023-12-25T03:46:13,06-24-2023 16:19:01,cancelled,USD,272.46,16.59,2.58
ORD00145,CUST0194,2023-09-19T15:04:38,08-23-2023 22:43:26,COMPLETE,USD,438.07,3.76,38.08
ORD00146,CUST0371,2023-09-18T18:22:20,08-06-2023 00:51:50,shipped,,112.36,18.14,15.16
ORD00147,CUST0466,2023-01-06T22:55:13,03-24-2023 06:11:29,shipped,USD,375.97,15.09,45.72
ORD00148,CUST0357,2023-08-23T17:25:50,10-01-2023 07:35:55,shipped,,458.41,11.04,38.78
ORD00149,CUST0195,2023-07-01T01:46:09,07-27-2023 05:58:46,cancelled,AED,138.17,10.26,24.86
ORD00150,CUST0051,2023-11-08T18:47:35,10-08-2023 13:22:57,refunded,AED,458.02,7.41,20.7
ORD00151,CUST0289,2023-12-02T13:51:16,03-27-2023 22:25:26,shipped,USD,137.78,18.7,28.96
ORD00152,CUST0214,2023-04-25T15:23:29,03-01-2023 04:34:38,shipped,AED,122.71,11.4,12.29
ORD00153,,2023-08-02T20:21:37,09-12-2023 05:23:18,cancelled,AED,384.05,9.77,36.18
ORD00154,CUST0379,2023-07-10T12:40:56,06-28-2023 23:14:15,shipped,AED,92.94,14.41,24.42
ORD00155,CUST0470,2023-12-12T09:28:41,07-30-2023 13:04:54,paid,USD,421.14,1.49,40.9
ORD00156,CUST0025,2023-10-24T20:09:15,01-03-2023 11:30:05,refunded,EUR,422.85,4.63,35.36
ORD00157,CUST0005,2023-03-26T22:36:54,07-16-2023 09:46:20,refunded,AED,39.62,12.75,46.7
ORD00158,CUST0468,2023-07-07T15:47:20,09-14-2023 00:58:31,refunded,USD,13.24,11.03,0.59
ORD00159,CUST0272,2023-10-08T11:19:26,04-17-2023 16:46:09,COMPLETE,AED,18.40,16.26,33.7
ORD00160,CUST0413,2023-12-20T07:42:08,03-11-2023 14:53:17,paid,USD,266.95,4.82,30.99
ORD00161,CUST0130,2023-11-13T14:20:55,05-18-2023 15:37:49,cancelled,,48.72,19.19,22.95
ORD00162,CUST0125,2023-09-28T18:42:48,03-29-2023 17:08:31,cancelled,USD,330.33,17.16,37.98
ORD00163,CUST0048,2023-06-07T09:28:03,05-28-2023 06:59:48,refunded,,37.50,0.19,8.57
ORD00164,CUST0256,2023-11-25T07:02:41,06-18-2023 12:19:51,cancelled,USD,448.45,18.38,11.49
ORD00165,CUST0462,2023-12-04T03:26:09,09-26-2023 20:35:20,COMPLETE,,142.84,18.48,34.22
ORD00166,CUST0144,2023-12-16T06:11:31,07-30-2023 21:24:46,COMPLETE,USD,97.88,17.01,0.78
ORD00167,CUST0107,2023-08-16T23:34:23,02-25-2023 23:57:45,refunded,USD,156.65,11.28,28.33
ORD00168,CUST0435,2023-06-01T03:12:08,09-20-2023 22:25:23,COMPLETE,AED,198.08,14.79,39.52
ORD00169,CUST0353,2023-10-09T05:41:37,01-31-2023 10:59:56,COMPLETE,AED,36.31,8.74,41.93
ORD00170,,2023-05-13T06:33:16,08-24-2023 00:34:53,COMPLETE,,484.77,6.53,31.71
ORD00171,CUST0402,2023-06-24T23:25:55,07-10-2023 12:45:20,shipped,AED,280.99,7.51,9.29
ORD00172,CUST0300,2023-09-14T13:54:30,05-28-2023 14:32:04,paid,AED,401.05,14.26,4.1
ORD00173,CUST0079,2023-05-28T13:51:23,10-04-2023 09:18:42,shipped,,165.17,2.13,0.26
ORD00174,CUST0158,2023-06-22T17:14:19,05-20-2023 18:40:27,cancelled,USD,74.93,3.75,22.44
ORD00175,CUST0285,2023-07-19T00:17:41,06-08-2023 11:14:50,paid,USD,53.91,11.08,29.85
ORD00176,CUST0402,2023-05-06T23:54:35,12-02-2023 10:26:12,refunded,USD,153.01,7.76,4.23
ORD00177,CUST0462,2023-08-06T07:15:30,12-18-2023 13:08:45,shipped,EUR,345.80,3.39,13.45
ORD00178,CUST0138,2023-07-11T12:14:53,02-26-2023 16:12:40,paid,EUR,222.99,8.42,24.21
ORD00179,CUST0040,2023-05-21T05:55:41,04-08-2023 18:00:41,shipped,,300.97,3.91,5.35
ORD00180,CUST0156,2023-01-03T15:04:35,06-03-2023 16:06:59,cancelled,,404.00,6.59,16.74
ORD00181,CUST0418,2023-11-16T19:54:17,11-30-2023 19:11:58,COMPLETE,EUR,157.21,12.06,34.76
ORD00182,CUST0246,2023-05-03T00:24:01,03-10-2023 23:41:57,refunded,AED,152.81,13.9,24.55
ORD00183,CUST0295,2023-10-31T16:31:45,04-05-2023 03:33:29,cancelled,,147.35,15.72,18.25
ORD00184,CUST0478,2023-08-07T23:28:03,03-19-2023 14:16:17,COMPLETE,EUR,344.04,11.0,47.65
ORD00185,CUST0237,2023-10-03T02:27:34,03-23-2023 10:03:52,refunded,AED,417.33,1.38,42.39
ORD00186,CUST0408,2023-06-08T21:28:33,09-19-2023 08:36:22,refunded,EUR,320.33,4.84,32.93
ORD00187,,2023-10-05T18:29:10,06-14-2023 07:50:18,refunded,USD,230.04,11.96,29.11
ORD00188,CUST0274,2023-07-16T17:58:19,12-25-2023 15:36:15,refunded,USD,397.45,7.19,44.78
ORD00189,CUST0275,2023-08-19T14:48:10,09-05-2023 20:16:19,paid,USD,386.79,13.15,17.75
ORD00190,CUST0332,2023-08-26T22:34:19,01-18-2023 04:52:30,COMPLETE,,483.74,6.63,39.81
ORD00191,CUST0055,2023-01-05T02:18:44,02-08-2023 07:04:47,cancelled,EUR,260.23,10.38,29.03
ORD00192,CUST0295,2023-03-27T20:09:54,06-23-2023 02:57:26,cancelled,,236.90,13.59,34.52
ORD00193,CUST0078,2023-05-14T23:19:44,01-10-2023 12:56:25,refunded,USD,154.76,18.41,4.29
ORD00194,CUST0426,2023-10-11T13:29:52,02-25-2023 00:30:30,cancelled,AED,178.10,15.69,26.06
ORD00195,CUST0179,2023-07-04T22:09:23,02-07-2023 21:54:45,refunded,,166.27,6.01,40.51
ORD00196,CUST0059,2023-01-09T18:30:30,11-26-2023 18:55:52,cancelled,USD,341.80,3.29,49.2
ORD00197,CUST0125,2023-07-20T09:24:42,03-09-2023 18:01:19,COMPLETE,EUR,172.18,8.53,23.1
ORD00198,CUST0409,2023-06-07T07:18:56,09-02-2023 13:47:29,shipped,EUR,323.83,8.64,1.46
ORD00199,CUST0315,2023-12-09T23:03:50,03-18-2023 15:11:49,refunded,,200.53,14.09,10.29
ORD00200,CUST0386,2023-10-01T07:30:58,11-11-2023 01:54:28,paid,USD,401.76,10.74,18.29
ORD00201,CUST0101,2023-06-27T16:40:44,02-14-2023 06:08:14,cancelled,,268.58,12.78,29.85
ORD00202,CUST0313,2023-06-02T10:46:31,08-16-2023 23:16:49,paid,AED,182.47,9.16,8.63
ORD00203,CUST0345,2023-10-02T04:17:18,11-07-2023 22:15:27,cancelled,USD,339.33,6.26,11.93
ORD00204,,2023-02-15T10:02:34,03-13-2023 02:05:54,cancelled,EUR,260.30,8.36,6.89
ORD00205,CUST0197,2023-06-14T07:00:26,03-14-2023 03:20:59,refunded,EUR,281.91,9.79,7.01
ORD00206,CUST0162,2023-11-23T23:52:15,06-25-2023 03:38:01,COMPLETE,USD,434.11,19.04,24.23
ORD00207,CUST0100,2023-11-13T14:21:47,05-30-2023 02:37:08,COMPLETE,,210.48,9.83,35.51
ORD00208,CUST0228,2023-07-09T19:00:34,03-06-2023 22:54:55,paid,USD,399.98,4.41,1.63
ORD00209,CUST0116,2023-07-28T18:52:31,04-23-2023 02:36:08,shipped,,287.17,15.45,24.77
ORD00210,CUST0262,2023-02-13T23:12:10,08-11-2023 10:04:54,paid,AED,389.81,16.47,18.34
ORD00211,CUST0422,2023-10-21T21:45:32,01-17-2023 03:50:17,refunded,EUR,494.99,2.05,41.5
ORD00212,CUST0385,2023-04-07T03:09:43,04-26-2023 14:50:54,paid,,138.78,17.24,4.35
ORD00213,CUST0444,2023-02-15T14:07:01,10-29-2023 05:24:39,shipped,EUR,407.24,11.76,17.53
ORD00214,CUST0364,2023-08-26T00:03:08,09-03-2023 17:50:59,refunded,EUR,311.91,15.7,40.68
ORD00215,CUST0413,2023-01-24T01:15:18,08-10-2023 09:28:40,cancelled,AED,302.46,3.37,48.95
ORD00216,CUST0150,2023-04-23T08:46:52,08-11-2023 10:16:57,cancelled,USD,76.44,15.0,20.58
ORD00217,CUST0031,2023-04-18T16:50:33,12-03-2023 17:28:09,shipped,EUR,132.34,14.23,41.42
ORD00218,CUST0390,2023-11-24T14:30:30,09-20-2023 14:57:46,refunded,,79.66,12.65,31.39
ORD00219,CUST0193,2023-06-25T12:52:05,01-30-2023 07:51:45,paid,,262.65,5.56,46.82
ORD00220,CUST0189,2023-06-26T14:04:14,07-09-2023 12:54:15,cancelled,USD,435.76,16.94,4.66
ORD00221,,2023-06-28T01:03:24,09-04-2023 13:08:33,cancelled,USD,399.88,7.95,48.41
ORD00222,CUST0423,2023-03-24T06:35:55,07-12-2023 03:04:39,cancelled,AED,415.89,6.76,28.9
ORD00223,CUST0290,2023-11-28T01:09:15,07-08-2023 11:40:37,cancelled,USD,32.51,12.52,41.84
ORD00224,CUST0009,2023-02-18T05:58:27,12-27-2023 22:56:32,shipped,,233.69,19.84,21.39
ORD00225,CUST0353,2023-12-20T04:17:22,02-21-2023 05:31:08,cancelled,EUR,438.47,17.53,4.67
ORD00226,CUST0185,2023-04-08T05:47:50,02-02-2023 00:12:54,cancelled,EUR,35.38,12.51,36.3
ORD00227,CUST0387,2023-04-01T22:22:43,06-16-2023 16:43:20,paid,USD,10.53,9.54,6.63
ORD00228,CUST0116,2023-07-21T17:34:16,09-22-2023 01:53:54,refunded,USD,13.95,6.87,6.03
ORD00229,CUST0441,2023-06-14T00:15:04,09-27-2023 12:50:16,shipped,,44.71,7.66,36.54
ORD00230,CUST0053,2023-02-10T01:54:28,05-02-2023 16:38:50,cancelled,AED,77.19,15.47,37.66
ORD00231,CUST0069,2023-09-07T03:55:23,09-20-2023 23:22:30,shipped,USD,269.95,0.17,32.5
ORD00232,CUST0226,2023-05-17T09:18:24,10-08-2023 13:33:16,shipped,EUR,460.75,12.32,22.12
ORD00233,CUST0112,2023-02-03T15:59:27,12-15-2023 04:51:07,paid,EUR,378.70,11.79,19.2
ORD00234,CUST0494,2023-06-16T18:11:35,05-03-2023 03:23:11,shipped,EUR,145.71,1.68,27.67
ORD00235,CUST0308,2023-10-08T01:52:53,08-24-2023 23:10:41,cancelled,USD,425.47,13.17,15.08
ORD00236,CUST0266,2023-08-24T16:58:06,07-17-2023 21:05:40,shipped,,154.82,1.09,44.9
ORD00237,CUST0489,2023-04-03T22:49:13,07-12-2023 04:41:16,refunded,USD,128.13,12.76,3.55
ORD00238,,2023-12-12T03:30:46,01-05-2023 16:28:21,cancelled,AED,74.67,17.22,28.42
ORD00239,CUST0188,2023-08-01T04:24:32,09-23-2023 05:28:52,shipped,,477.68,15.41,0.83
ORD00240,CUST0035,2023-01-06T08:33:50,04-12-2023 19:44:38,shipped,USD,462.06,18.97,19.9
ORD00241,CUST0147,2023-09-02T02:42:12,10-04-2023 18:11:03,COMPLETE,,217.55,8.05,32.03
ORD00242,CUST0276,2023-08-28T05:58:29,03-01-2023 07:05:05,cancelled,USD,161.85,10.23,10.16
ORD00243,CUST0414,2023-03-02T08:13:11,07-28-2023 07:31:07,cancelled,,297.35,15.26,32.49
ORD00244,CUST0330,2023-01-26T16:14:14,05-01-2023 10:59:21,refunded,EUR,38.37,1.72,21.72
ORD00245,CUST0233,2023-08-26T19:01:11,08-25-2023 10:43:45,paid,AED,336.38,13.16,8.78
ORD00246,CUST0007,2023-10-02T22:06:42,02-23-2023 06:54:23,paid,EUR,253.24,6.93,25.86
ORD00247,CUST0422,2023-10-07T22:01:17,04-11-2023 16:21:24,shipped,AED,72.20,15.62,13.44
ORD00248,CUST0454,2023-02-15T20:22:06,10-27-2023 14:15:05,paid,AED,405.48,5.44,3.19
ORD00249,CUST0365,2023-08-12T22:46:59,09-01-2023 17:01:47,paid,,233.05,7.2,24.98
ORD00250,CUST0291,2023-03-06T19:26:50,05-23-2023 19:05:54,shipped,AED,388.93,17.89,33.71
ORD00251,CUST0060,2023-03-30T16:53:00,10-15-2023 16:34:10,COMPLETE,USD,31.58,17.26,12.23
ORD00252,CUST0242,2023-05-22T08:30:24,05-29-2023 17:37:38,shipped,EUR,466.27,17.15,27.64
ORD00253,CUST0468,2023-10-05T07:09:22,10-15-2023 15:30:21,refunded,EUR,167.68,8.33,36.01
ORD00254,CUST0139,2023-11-17T18:51:00,01-31-2023 05:57:36,COMPLETE,AED,68.51,13.47,2.63
ORD00255,,2023-03-28T16:14:07,11-09-2023 08:58:25,COMPLETE,USD,477.50,1.38,23.25
ORD00256,CUST0145,2023-10-28T09:47:55,11-25-2023 02:32:24,cancelled,AED,52.33,9.13,18.45
ORD00257,CUST0150,2023-08-07T23:03:34,11-01-2023 16:08:14,cancelled,EUR,237.32,11.83,24.67
ORD00258,CUST0396,2023-10-29T07:46:52,03-17-2023 21:28:08,COMPLETE,EUR,83.78,18.65,1.2
ORD00259,CUST0278,2023-05-15T12:54:10,09-04-2023 23:24:27,paid,AED,10.72,13.15,42.45
ORD00260,CUST0373,2023-04-30T10:12:24,02-10-2023 08:52:30,shipped,EUR,215.71,19.22,48.63
ORD00261,CUST0073,2023-10-04T09:04:54,04-19-2023 16:09:38,paid,USD,461.42,17.95,25.99
ORD00262,CUST0359,2023-12-14T19:23:29,05-25-2023 15:52:36,refunded,USD,294.58,10.11,31.86
ORD00263,CUST0202,2023-01-30T01:28:14,08-18-2023 20:52:06,COMPLETE,USD,223.14,19.28,11.84
ORD00264,CUST0134,2023-11-27T11:05:26,05-03-2023 08:05:45,refunded,AED,165.85,5.44,3.73
ORD00265,CUST0104,2023-02-22T20:39:15,10-30-2023 21:32:22,COMPLETE,USD,86.15,3.29,23.3
ORD00266,CUST0209,2023-02-16T21:20:52,07-28-2023 03:10:43,cancelled,EUR,231.44,9.27,42.62
ORD00267,CUST0047,2023-03-03T05:04:54,11-10-2023 15:20:55,cancelled,USD,115.36,17.13,7.42
ORD00268,CUST0365,2023-04-07T09:34:00,05-19-2023 03:45:46,refunded,USD,341.82,5.2,49.53
ORD00269,CUST0016,2023-06-07T01:12:31,11-28-2023 21:27:41,refunded,EUR,56.42,2.04,39.69
ORD00270,CUST0063,2023-01-05T15:26:47,01-24-2023 22:47:54,shipped,EUR,107.09,8.01,34.31
ORD00271,CUST0481,2023-09-08T08:53:59,02-02-2023 15:18:15,COMPLETE,AED,459.54,1.5,49.86
ORD00272,,2023-03-18T19:10:00,12-17-2023 11:52:23,refunded,EUR,55.07,16.95,40.44
ORD00273,CUST0063,2023-01-17T13:57:30,06-29-2023 00:47:02,paid,EUR,462.82,8.66,36.22
ORD00274,CUST0255,2023-01-12T10:47:41,05-29-2023 15:17:48,refunded,EUR,183.43,18.17,13.75
ORD00275,CUST0229,2023-12-10T02:06:23,02-27-2023 17:20:42,paid,EUR,327.17,9.98,44.14
ORD00276,CUST0246,2023-01-24T16:21:58,02-04-2023 01:37:26,cancelled,,77.25,3.99,44.23
ORD00277,CUST0270,2023-04-07T18:13:31,09-02-2023 23:03:25,COMPLETE,USD,494.81,15.64,17.96
ORD00278,CUST0279,2023-10-31T11:30:11,07-08-2023 05:32:24,cancelled,AED,200.31,3.6,15.94
ORD00279,CUST0113,2023-01-12T09:07:40,12-14-2023 21:07:58,cancelled,USD,406.24,9.43,17.87
ORD00280,CUST0300,2023-04-01T09:30:00,03-03-2023 23:48:39,paid,EUR,331.86,5.33,40.81
ORD00281,CUST0470,2023-10-14T05:53:54,01-22-2023 17:06:23,shipped,,183.85,16.78,42.26
ORD00282,CUST0091,2023-04-02T20:48:58,08-19-2023 02:40:55,cancelled,AED,457.85,0.56,35.03
ORD00283,CUST0486,2023-08-09T10:53:39,08-07-2023 21:11:35,shipped,EUR,419.98,16.21,48.52
ORD00284,CUST0278,2023-05-01T00:35:00,03-10-2023 04:18:27,refunded,USD,54.23,4.65,10.94
ORD00285,CUST0270,2023-07-05T15:10:49,01-01-2023 06:22:14,cancelled,EUR,405.16,6.82,8.87
ORD00286,CUST0411,2023-11-24T21:17:52,12-04-2023 04:22:11,cancelled,USD,20.74,11.73,45.86
ORD00287,CUST0397,2023-02-13T01:51:17,11-25-2023 17:46:25,COMPLETE,AED,480.67,7.47,47.1
ORD00288,CUST0203,2023-08-16T14:04:16,02-09-2023 05:41:17,cancelled,AED,168.08,19.52,36.62
ORD00289,,2023-06-19T15:54:30,11-04-2023 12:30:26,refunded,AED,95.36,19.37,34.68
ORD00290,CUST0476,2023-08-27T08:10:56,11-02-2023 15:17:42,cancelled,EUR,336.11,16.29,18.92
ORD00291,CUST0376,2023-09-25T09:16:14,04-25-2023 09:05:59,shipped,EUR,367.13,18.98,47.43
ORD00292,CUST0201,2023-11-27T09:37:46,10-27-2023 08:39:35,COMPLETE,USD,99.22,6.36,40.44
ORD00293,CUST0314,2023-03-27T18:53:34,09-06-2023 09:56:24,COMPLETE,USD,468.98,2.81,37.27
ORD00294,CUST0122,2023-05-15T16:30:16,05-05-2023 02:07:47,shipped,USD,412.61,13.4,36.46
ORD00295,CUST0172,2023-06-23T10:53:33,01-05-2023 10:12:53,cancelled,EUR,132.28,1.36,12.83
ORD00296,CUST0056,2023-10-07T18:44:28,01-01-2023 11:56:28,paid,,224.73,8.39,8.32
ORD00297,CUST0212,2023-07-11T11:51:26,12-09-2023 10:41:53,refunded,AED,277.55,2.03,23.97
ORD00298,CUST0443,2023-08-13T11:52:03,09-10-2023 19:28:33,shipped,EUR,231.13,15.98,1.67
ORD00299,CUST0011,2023-05-04T18:39:24,04-12-2023 09:53:11,paid,USD,177.49,17.76,8.05
ORD00300,CUST0039,2023-08-01T10:50:26,12-15-2023 19:07:26,paid,AED,301.07,12.27,24.14
ORD00301,CUST0016,2023-06-17T12:13:29,09-11-2023 20:19:17,shipped,,86.98,2.03,10.28
ORD00302,CUST0098,2023-06-08T22:45:53,09-28-2023 18:20:39,COMPLETE,AED,333.69,5.95,4.8
ORD00303,CUST0202,2023-08-11T01:16:51,08-02-2023 11:13:37,refunded,EUR,36.71,0.08,4.38
ORD00304,CUST0422,2023-09-15T02:28:32,08-31-2023 18:16:11,COMPLETE,,107.84,0.51,8.54
ORD00305,CUST0150,2023-02-01T19:41:59,07-03-2023 21:59:54,paid,AED,394.59,9.42,44.74
ORD00306,,2023-04-13T22:01:12,02-05-2023 09:27:26,COMPLETE,,100.59,17.71,18.47
ORD00307,CUST0229,2023-01-18T07:51:35,04-13-2023 06:05:46,refunded,,139.07,16.74,28.21
ORD00308,CUST0078,2023-10-20T03:20:22,09-28-2023 11:34:47,paid,USD,337.39,16.16,20.7
ORD00309,CUST0388,2023-08-18T00:38:55,03-30-2023 08:34:21,COMPLETE,USD,421.99,16.37,20.93
ORD00310,CUST0275,2023-09-24T19:56:14,12-03-2023 16:02:16,refunded,EUR,243.37,1.58,45.14
ORD00311,CUST0366,2023-01-14T11:41:34,07-14-2023 23:55:29,COMPLETE,EUR,68.94,15.14,8.64
ORD00312,CUST0086,2023-03-24T06:57:33,11-10-2023 23:24:00,shipped,EUR,30.91,1.57,34.16
ORD00313,CUST0104,2023-11-16T10:51:08,09-01-2023 14:10:19,shipped,AED,166.68,14.54,40.37
ORD00314,CUST0045,2023-05-31T17:20:46,08-05-2023 01:41:24,refunded,AED,429.75,10.39,45.86
ORD00315,CUST0007,2023-11-02T11:10:59,09-30-2023 00:18:50,COMPLETE,,65.13,2.99,28.33
ORD00316,CUST0299,2023-10-22T12:35:22,02-08-2023 21:58:08,paid,USD,395.02,17.35,44.01
ORD00317,CUST0450,2023-06-09T13:46:21,04-13-2023 13:55:54,refunded,,290.29,9.46,8.61
ORD00318,CUST0207,2023-02-25T20:48:14,08-29-2023 02:27:22,COMPLETE,,29.00,17.79,16.57
ORD00319,CUST0122,2023-01-20T03:25:30,10-17-2023 14:53:31,refunded,AED,449.55,0.4,40.87
ORD00320,CUST0156,2023-05-01T18:15:27,04-19-2023 21:01:12,refunded,USD,486.52,4.56,15.02
ORD00321,CUST0381,2023-06-22T02:05:24,10-28-2023 14:29:27,cancelled,AED,367.11,12.1,4.46
ORD00322,CUST0227,2023-03-24T02:18:08,12-21-2023 17:48:38,refunded,,382.15,17.34,41.05
ORD00323,,2023-07-20T02:39:42,11-04-2023 09:13:30,shipped,USD,162.45,10.14,6.78
ORD00324,CUST0436,2023-07-23T14:42:06,12-08-2023 11:58:25,COMPLETE,USD,95.13,17.5,10.04
ORD00325,CUST0030,2023-04-07T21:25:04,01-13-2023 20:14:40,refunded,USD,459.84,14.09,13.7
ORD00326,CUST0422,2023-06-30T06:49:46,07-16-2023 04:07:08,refunded,USD,343.78,4.84,24.44
ORD00327,CUST0229,2023-03-10T23:11:59,12-05-2023 01:28:07,refunded,AED,178.68,16.75,12.93
ORD00328,CUST0426,2023-09-25T12:33:08,02-05-2023 02:30:49,cancelled,USD,199.42,3.26,28.61
ORD00329,CUST0495,2023-03-25T05:35:38,11-29-2023 20:51:19,shipped,EUR,342.07,5.38,20.48
ORD00330,CUST0011,2023-12-02T18:56:06,10-31-2023 00:57:26,paid,,456.64,12.95,30.06
ORD00331,CUST0005,2023-03-28T21:41:16,04-09-2023 00:26:57,COMPLETE,AED,359.24,14.19,13.77
ORD00332,CUST0459,2023-05-27T05:00:19,11-27-2023 17:21:30,cancelled,,133.48,9.33,33.86
ORD00333,CUST0423,2023-08-31T04:25:48,06-04-2023 05:43:47,COMPLETE,USD,13.60,19.99,48.32
ORD00334,CUST0430,2023-05-26T08:04:27,08-07-2023 01:09:34,COMPLETE,AED,156.25,2.16,3.19
ORD00335,CUST0142,2023-09-06T18:46:32,05-07-2023 06:29:49,cancelled,AED,331.50,19.04,32.57
ORD00336,CUST0097,2023-02-28T05:26:32,07-20-2023 21:31:32,shipped,USD,404.66,16.05,30.0
ORD00337,CUST0339,2023-05-05T02:45:17,09-22-2023 09:06:12,shipped,USD,331.15,19.95,12.97
ORD00338,CUST0215,2023-06-07T03:08:06,05-31-2023 18:59:04,paid,EUR,178.15,14.27,34.32
ORD00339,CUST0327,2023-11-01T19:46:14,07-04-2023 18:10:24,cancelled,AED,424.26,16.81,43.82
ORD00340,,2023-03-12T08:18:30,04-25-2023 02:15:57,paid,,72.69,5.17,40.42
ORD00341,CUST0391,2023-12-21T10:16:45,03-13-2023 02:19:14,cancelled,USD,118.90,4.47,43.57
ORD00342,CUST0216,2023-11-03T01:32:06,12-11-2023 09:58:51,cancelled,AED,137.67,5.88,42.56
ORD00343,CUST0241,2023-01-21T20:18:19,12-03-2023 11:22:17,COMPLETE,USD,241.39,3.89,5.99
ORD00344,CUST0349,2023-05-29T05:24:53,07-25-2023 18:27:10,cancelled,,36.49,17.08,6.87
ORD00345,CUST0103,2023-05-14T01:54:53,06-08-2023 21:56:39,COMPLETE,,80.18,17.25,9.02
ORD00346,CUST0042,2023-07-09T08:34:58,05-10-2023 04:19:52,shipped,AED,320.90,0.09,13.68
ORD00347,CUST0390,2023-10-28T09:56:11,03-07-2023 11:31:10,COMPLETE,EUR,249.89,15.27,4.4
ORD00348,CUST0315,2023-06-18T10:29:00,09-04-2023 00:31:54,refunded,,220.22,9.55,0.23
ORD00349,CUST0274,2023-03-19T10:40:31,10-11-2023 18:14:10,cancelled,USD,447.08,15.14,26.55
ORD00350,CUST0010,2023-09-20T19:44:59,01-02-2023 14:26:12,shipped,EUR,349.83,6.89,6.45
ORD00351,CUST0197,2023-07-15T11:26:09,08-17-2023 14:48:30,cancelled,EUR,41.99,0.91,47.42
ORD00352,CUST0234,2023-10-10T15:53:06,07-22-2023 01:26:22,COMPLETE,AED,222.50,13.74,6.69
ORD00353,CUST0462,2023-07-10T08:47:47,05-20-2023 12:27:39,shipped,EUR,474.56,18.36,20.17
ORD00354,CUST0117,2023-03-29T02:49:35,10-10-2023 09:42:16,shipped,EUR,369.70,11.79,8.45
ORD00355,CUST0188,2023-10-04T04:01:35,09-10-2023 15:28:32,paid,,439.51,5.12,26.74
ORD00356,CUST0025,2023-08-19T15:46:24,01-19-2023 15:01:23,paid,USD,33.64,2.32,22.22
ORD00357,,2023-02-17T23:59:22,08-01-2023 13:02:29,cancelled,,353.92,4.11,34.29
ORD00358,CUST0005,2023-04-27T22:36:31,06-13-2023 10:48:22,paid,AED,315.17,14.01,20.94
ORD00359,CUST0461,2023-02-10T17:52:17,07-18-2023 16:18:56,COMPLETE,USD,148.53,15.7,24.89
ORD00360,CUST0312,2023-03-19T13:47:57,10-30-2023 03:06:09,cancelled,EUR,185.38,8.2,8.02
ORD00361,CUST0281,2023-07-12T18:21:40,12-20-2023 13:08:19,shipped,,172.00,0.05,33.58
ORD00362,CUST0465,2023-02-12T21:17:26,11-21-2023 08:55:40,COMPLETE,,83.08,1.8,25.59
ORD00363,CUST0371,2023-10-09T00:13:10,02-09-2023 08:05:44,cancelled,EUR,233.81,19.55,13.21
ORD00364,CUST0026,2023-02-08T18:17:11,11-12-2023 19:22:19,shipped,USD,427.60,7.2,33.84
ORD00365,CUST0219,2023-10-14T19:41:36,02-15-2023 00:16:34,paid,USD,14.74,2.77,32.36
ORD00366,CUST0169,2023-05-19T20:23:48,12-14-2023 09:36:06,refunded,AED,440.45,1.86,40.75
ORD00367,CUST0094,2023-02-14T04:59:28,06-05-2023 15:31:01,refunded,,143.20,7.71,42.53
ORD00368,CUST0410,2023-06-13T18:54:00,09-09-2023 23:41:15,shipped,USD,74.93,14.53,49.08
ORD00369,CUST0433,2023-03-03T21:40:22,02-10-2023 06:40:34,refunded,,403.11,13.57,9.06
ORD00370,CUST0195,2023-10-30T14:20:15,05-20-2023 06:23:02,COMPLETE,USD,432.66,17.6,36.36
ORD00371,CUST0457,2023-02-20T17:47:45,07-07-2023 14:37:43,refunded,USD,444.92,8.81,3.17
ORD00372,CUST0336,2023-05-03T00:54:35,01-05-2023 19:12:19,COMPLETE,EUR,489.17,13.4,16.92
ORD00373,CUST0268,2023-09-25T06:52:37,09-30-2023 01:52:50,COMPLETE,USD,222.10,14.53,24.1
ORD00374,,2023-09-15T18:13:53,09-20-2023 15:31:53,refunded,EUR,421.13,11.17,49.39
ORD00375,CUST0028,2023-01-05T12:32:16,09-07-2023 20:54:38,shipped,,427.42,17.39,3.74
ORD00376,CUST0252,2023-05-05T12:31:25,04-04-2023 13:16:28,cancelled,AED,34.67,4.45,32.17
ORD00377,CUST0207,2023-11-14T07:57:17,04-02-2023 06:21:31,paid,,227.65,11.46,4.4
ORD00378,CUST0256,2023-06-23T14:58:36,05-03-2023 17:54:25,paid,,375.17,0.36,20.17
ORD00379,CUST0019,2023-08-05T08:50:14,08-02-2023 05:58:18,paid,USD,397.97,19.26,31.88
ORD00380,CUST0456,2023-07-17T10:03:04,08-07-2023 09:19:10,shipped,,475.67,7.27,2.71
ORD00381,CUST0115,2023-11-24T21:36:32,06-26-2023 11:52:26,cancelled,,361.16,7.27,22.63
ORD00382,CUST0050,2023-10-22T21:22:29,09-13-2023 21:29:19,shipped,USD,177.26,16.6,48.22
ORD00383,CUST0150,2023-08-01T16:50:46,07-22-2023 17:15:13,cancelled,USD,32.43,3.28,7.02
ORD00384,CUST0368,2023-10-16T08:42:11,10-08-2023 05:25:05,refunded,USD,134.60,3.92,6.04
ORD00385,CUST0437,2023-06-02T14:03:38,03-25-2023 17:26:23,refunded,EUR,361.23,2.16,20.72
ORD00386,CUST0475,2023-09-03T22:13:44,11-22-2023 05:45:03,COMPLETE,USD,388.35,9.01,32.92
ORD00387,CUST0490,2023-07-15T19:27:43,02-22-2023 06:53:54,refunded,USD,269.88,0.97,46.77
ORD00388,CUST0430,2023-08-16T05:43:13,07-07-2023 13:15:07,COMPLETE,EUR,348.99,3.47,40.76
ORD00389,CUST0054,2023-05-31T10:52:54,09-13-2023 08:32:50,COMPLETE,AED,257.01,7.69,48.98
ORD00390,CUST0469,2023-09-26T22:42:45,10-24-2023 01:50:48,shipped,AED,204.96,6.86,14.71
ORD00391,,2023-11-09T13:15:00,02-21-2023 19:06:56,shipped,,305.24,17.73,25.61
ORD00392,CUST0432,2023-09-30T10:24:03,08-01-2023 17:55:18,cancelled,EUR,108.44,12.48,14.53
ORD00393,CUST0177,2023-12-24T18:07:46,09-19-2023 02:58:38,shipped,EUR,256.91,13.89,16.12
ORD00394,CUST0060,2023-10-23T10:56:13,05-17-2023 19:05:39,COMPLETE,,295.58,18.85,35.51
ORD00395,CUST0346,2023-10-18T10:38:30,12-14-2023 03:26:05,COMPLETE,AED,439.96,8.45,0.64
ORD00396,CUST0055,2023-01-10T19:33:12,05-28-2023 21:58:07,shipped,USD,338.42,4.0,37.51
ORD00397,CUST0083,2023-04-22T07:27:01,09-23-2023 09:39:34,cancelled,EUR,421.30,13.81,14.76
ORD00398,CUST0386,2023-07-30T04:05:22,01-13-2023 13:07:02,cancelled,,60.22,17.36,36.97
ORD00399,CUST0443,2023-03-29T02:41:46,10-16-2023 07:47:17,COMPLETE,,126.42,15.69,39.94
ORD00400,CUST0148,2023-09-27T02:37:56,09-16-2023 01:31:44,paid,,199.90,19.13,48.79
ORD00401,CUST0161,2023-08-03T10:10:27,01-21-2023 21:28:22,paid,AED,109.51,17.38,43.02
ORD00402,CUST0227,2023-11-19T08:00:24,03-29-2023 14:15:51,cancelled,EUR,390.31,19.29,14.71
ORD00403,CUST0091,2023-09-23T02:50:30,01-29-2023 22:06:04,shipped,EUR,370.19,2.39,2.03
ORD00404,CUST0143,2023-08-05T03:52:30,04-13-2023 14:53:29,shipped,EUR,296.15,5.1,16.53
ORD00405,CUST0364,2023-03-02T02:53:37,01-16-2023 12:16:23,shipped,AED,302.47,15.47,31.27
ORD00406,CUST0432,2023-09-15T01:15:50,04-27-2023 22:57:58,refunded,AED,45.71,14.15,26.27
ORD00407,CUST0490,2023-03-13T09:47:03,07-22-2023 04:24:08,paid,EUR,213.81,10.74,4.6
ORD00408,,2023-03-27T21:42:55,12-10-2023 01:51:15,shipped,AED,172.22,5.87,47.52
ORD00409,CUST0317,2023-07-26T00:36:29,07-04-2023 09:59:23,COMPLETE,USD,66.21,6.92,12.02
ORD00410,CUST0329,2023-08-27T08:06:31,12-23-2023 18:02:26,COMPLETE,EUR,479.86,13.65,16.05
ORD00411,CUST0469,2023-11-06T05:10:59,02-14-2023 00:43:21,refunded,AED,274.72,5.66,45.57
ORD00412,CUST0421,2023-10-27T05:31:39,05-26-2023 14:51:44,COMPLETE,,248.53,5.93,32.58
ORD00413,CUST0165,2023-07-19T13:50:44,02-01-2023 23:30:54,paid,EUR,486.10,15.47,26.66
ORD00414,CUST0321,2023-01-26T10:14:29,03-23-2023 20:37:32,shipped,,419.48,4.11,41.44
ORD00415,CUST0450,2023-10-15T22:06:58,10-29-2023 01:27:01,refunded,USD,375.98,3.08,22.96
ORD00416,CUST0170,2023-01-15T17:07:33,02-03-2023 23:45:14,paid,USD,97.22,5.04,3.52
ORD00417,CUST0421,2023-03-30T09:48:39,12-20-2023 19:00:37,cancelled,,200.14,12.6,21.65
ORD00418,CUST0009,2023-06-01T06:25:13,09-19-2023 11:35:56,paid,USD,324.30,12.37,37.8
ORD00419,CUST0300,2023-01-18T16:14:52,09-30-2023 04:41:38,paid,AED,464.74,2.12,39.34
ORD00420,CUST0155,2023-08-24T13:36:12,02-03-2023 14:17:13,cancelled,,196.89,16.44,1.54
ORD00421,CUST0081,2023-07-27T04:16:47,03-27-2023 09:17:49,shipped,,400.42,16.99,14.75
ORD00422,CUST0325,2023-02-25T22:52:52,04-26-2023 18:05:16,cancelled,USD,281.23,11.1,6.16
ORD00423,CUST0003,2023-08-11T10:07:27,08-20-2023 17:13:35,refunded,USD,159.30,14.97,45.18
ORD00424,CUST0177,2023-03-24T05:31:52,06-10-2023 06:13:07,COMPLETE,EUR,88.87,4.42,41.74
ORD00425,,2023-03-17T11:15:05,02-14-2023 12:21:34,shipped,USD,427.18,18.65,49.72
ORD00426,CUST0237,2023-09-08T08:48:07,08-02-2023 11:14:43,paid,AED,339.13,5.01,9.87
ORD00427,CUST0298,2023-07-09T04:56:37,05-09-2023 11:45:15,cancelled,EUR,338.93,4.69,14.26
ORD00428,CUST0036,2023-12-16T13:42:48,03-17-2023 03:32:14,cancelled,,230.82,12.33,15.28
ORD00429,CUST0300,2023-03-01T04:25:26,08-08-2023 15:19:36,COMPLETE,AED,405.77,19.17,8.43
ORD00430,CUST0161,2023-04-06T14:31:06,11-02-2023 02:52:58,shipped,,145.57,7.19,33.98
ORD00431,CUST0170,2023-12-07T22:29:20,07-06-2023 09:29:42,refunded,,185.78,6.11,27.58
ORD00432,CUST0090,2023-09-08T16:58:37,08-24-2023 14:10:46,paid,AED,430.77,2.8,26.93
ORD00433,CUST0135,2023-10-12T21:07:52,12-11-2023 05:14:55,paid,USD,447.13,16.99,31.58
ORD00434,CUST0417,2023-08-14T23:36:44,08-13-2023 19:44:47,refunded,EUR,454.09,11.03,27.17
ORD00435,CUST0277,2023-07-03T08:19:39,09-11-2023 22:51:56,shipped,AED,202.32,17.83,29.48
ORD00436,CUST0439,2023-04-24T00:18:31,02-21-2023 23:51:49,refunded,USD,204.42,10.04,33.13
ORD00437,CUST0435,2023-11-10T05:29:53,08-27-2023 11:13:48,shipped,EUR,228.65,3.58,47.44
ORD00438,CUST0338,2023-12-05T17:26:52,02-26-2023 18:40:26,refunded,AED,29.81,15.23,11.59
ORD00439,CUST0136,2023-05-24T11:23:07,04-01-2023 21:12:43,paid,EUR,263.76,15.83,19.4
ORD00440,CUST0470,2023-06-26T13:35:02,12-09-2023 08:39:36,paid,USD,490.49,6.48,35.19
ORD00441,CUST0267,2023-09-04T01:16:20,11-19-2023 04:52:19,cancelled,AED,293.53,11.4,18.83
ORD00442,,2023-05-28T00:02:53,05-22-2023 20:48:45,COMPLETE,USD,263.16,7.53,45.36
ORD00443,CUST0265,2023-06-07T14:43:24,05-18-2023 01:14:52,cancelled,,398.40,17.74,0.33
ORD00444,CUST0452,2023-02-23T23:16:42,06-20-2023 20:09:11,shipped,EUR,47.77,12.87,10.58
ORD00445,CUST0096,2023-03-03T02:40:36,05-21-2023 16:09:45,COMPLETE,USD,333.94,8.29,16.51
ORD00446,CUST0059,2023-07-07T00:03:37,09-20-2023 05:35:39,refunded,,113.24,3.22,41.67
ORD00447,CUST0012,2023-04-05T15:10:18,01-17-2023 18:08:03,shipped,EUR,76.01,10.25,44.54
ORD00448,CUST0076,2023-01-22T17:08:15,03-06-2023 14:24:50,cancelled,EUR,263.15,8.11,48.46
ORD00449,CUST0327,2023-01-08T05:33:04,12-08-2023 04:17:49,cancelled,USD,116.13,12.13,23.57
ORD00450,CUST0247,2023-03-08T05:47:51,03-27-2023 04:37:08,refunded,EUR,399.36,16.41,9.09
ORD00451,CUST0338,2023-07-18T09:02:48,04-13-2023 17:30:41,shipped,AED,461.95,11.93,3.44
ORD00452,CUST0194,2023-05-30T16:45:54,02-21-2023 08:18:58,paid,USD,109.15,17.19,25.22
ORD00453,CUST0215,2023-11-17T23:40:14,02-28-2023 02:00:40,COMPLETE,USD,96.94,18.03,29.99
ORD00454,CUST0450,2023-11-01T10:10:53,07-26-2023 09:17:10,COMPLETE,USD,55.66,13.19,45.1
ORD00455,CUST0277,2023-11-18T09:03:43,01-01-2023 11:11:12,refunded,,191.48,0.87,26.49
ORD00456,CUST0118,2023-11-08T13:58:47,07-07-2023 05:42:58,refunded,AED,298.63,14.83,38.08
ORD00457,CUST0357,2023-08-12T17:50:06,02-07-2023 22:47:15,refunded,EUR,134.71,15.32,45.5
ORD00458,CUST0043,2023-04-21T00:14:12,08-21-2023 08:29:19,COMPLETE,,136.32,0.11,37.18
ORD00459,,2023-01-03T18:18:28,08-13-2023 11:13:50,COMPLETE,USD,264.68,7.5,10.27
ORD00460,CUST0412,2023-05-03T16:25:02,06-08-2023 18:42:44,cancelled,USD,85.84,13.03,12.68
ORD00461,CUST0438,2023-07-28T04:51:35,06-14-2023 11:52:47,COMPLETE,AED,309.82,19.84,19.87
ORD00462,CUST0105,2023-06-10T11:33:56,08-03-2023 09:59:27,COMPLETE,,97.57,11.18,24.19
ORD00463,CUST0158,2023-08-13T08:05:56,05-14-2023 17:38:00,refunded,EUR,428.95,13.19,37.39
ORD00464,CUST0229,2023-11-01T03:06:26,09-29-2023 14:03:18,shipped,USD,115.08,8.01,16.92
ORD00465,CUST0282,2023-08-27T11:07:52,09-28-2023 17:02:45,paid,EUR,200.66,12.72,40.22
ORD00466,CUST0422,2023-02-26T10:33:33,07-03-2023 04:16:13,COMPLETE,,53.19,5.26,18.54
ORD00467,CUST0312,2023-01-15T15:54:18,10-09-2023 08:46:48,refunded,,310.84,10.42,35.58
ORD00468,CUST0306,2023-01-23T07:35:39,10-28-2023 10:33:12,shipped,,225.10,4.03,32.84
ORD00469,CUST0412,2023-07-21T05:32:19,04-22-2023 01:46:26,shipped,USD,394.14,10.21,34.92
ORD00470,CUST0315,2023-03-07T19:41:42,09-19-2023 18:21:45,paid,AED,127.24,0.01,7.87
ORD00471,CUST0142,2023-10-30T19:04:40,06-05-2023 02:59:30,cancelled,,208.67,4.01,0.77
ORD00472,CUST0361,2023-01-27T15:33:30,12-23-2023 23:21:16,paid,AED,365.81,11.18,29.15
ORD00473,CUST0178,2023-11-13T17:08:58,04-18-2023 09:14:23,shipped,EUR,232.83,8.08,0.23
ORD00474,CUST0090,2023-06-08T02:46:11,07-16-2023 14:28:51,paid,USD,256.55,6.8,5.85
ORD00475,CUST0263,2023-04-11T01:52:35,12-07-2023 05:57:55,COMPLETE,AED,350.15,19.32,28.16
ORD00476,,2023-10-27T00:36:51,04-05-2023 11:28:15,cancelled,,343.98,17.93,43.1
ORD00477,CUST0247,2023-02-15T03:41:56,04-11-2023 03:03:15,paid,,320.49,19.88,33.85
ORD00478,CUST0118,2023-11-07T18:02:41,05-03-2023 14:49:24,refunded,AED,263.09,0.19,41.61
ORD00479,CUST0128,2023-04-22T13:43:58,02-06-2023 02:54:38,refunded,AED,47.25,18.63,23.83
ORD00480,CUST0182,2023-03-26T21:11:02,12-14-2023 07:37:53,COMPLETE,AED,99.56,14.92,46.51
ORD00481,CUST0098,2023-07-13T19:00:39,10-14-2023 06:23:02,shipped,EUR,370.36,17.45,10.34
ORD00482,CUST0104,2023-11-21T06:12:33,04-07-2023 23:19:48,COMPLETE,AED,86.44,2.13,46.01
ORD00483,CUST0347,2023-09-15T15:33:38,07-11-2023 07:58:09,COMPLETE,USD,384.48,10.83,2.11
ORD00484,CUST0247,2023-05-25T03:48:08,08-30-2023 01:02:24,cancelled,,450.08,17.62,28.73
ORD00485,CUST0141,2023-07-10T14:38:14,03-13-2023 00:29:21,COMPLETE,AED,204.96,15.0,6.41
ORD00486,CUST0270,2023-11-07T09:44:08,06-14-2023 08:17:05,refunded,USD,256.21,7.87,34.32
ORD00487,CUST0090,2023-06-27T13:22:33,02-16-2023 17:54:45,COMPLETE,,164.67,0.17,33.71
ORD00488,CUST0195,2023-08-14T15:23:20,02-09-2023 03:02:16,cancelled,AED,310.26,5.19,27.43
ORD00489,CUST0122,2023-04-15T15:04:00,07-03-2023 01:15:25,COMPLETE,AED,189.30,9.98,10.53
ORD00490,CUST0359,2023-10-20T02:58:21,05-25-2023 14:10:38,cancelled,,147.02,3.6,6.56
ORD00491,CUST0295,2023-09-24T10:05:40,03-30-2023 18:23:47,paid,AED,404.00,11.11,42.82
ORD00492,CUST0101,2023-02-26T15:21:43,11-07-2023 16:53:22,shipped,,404.78,3.53,24.98
ORD00493,,2023-12-13T21:53:01,11-26-2023 20:53:16,COMPLETE,AED,394.81,6.0,28.11
ORD00494,CUST0291,2023-01-19T12:40:58,06-04-2023 17:22:29,paid,EUR,39.42,16.28,23.83
ORD00495,CUST0323,2023-02-07T09:35:55,06-24-2023 16:57:02,cancelled,AED,186.87,11.21,46.59
ORD00496,CUST0132,2023-05-14T15:37:11,01-08-2023 16:52:43,refunded,USD,182.03,13.59,30.28
ORD00497,CUST0296,2023-08-12T15:43:31,09-10-2023 09:11:07,COMPLETE,EUR,489.89,5.69,16.25
ORD00498,CUST0262,2023-07-09T07:46:15,10-28-2023 21:08:27,refunded,USD,196.72,5.73,31.59
ORD00499,CUST0075,2023-12-04T04:44:52,03-07-2023 01:55:01,cancelled,,319.32,11.43,42.45
ORD00500,CUST0037,2023-01-31T17:22:35,03-04-2023 21:56:40,cancelled,EUR,163.61,13.06,35.52
ORD00501,CUST0310,2023-09-08T08:31:13,06-03-2023 13:54:38,cancelled,,392.68,18.78,37.39
ORD00502,CUST0267,2023-06-24T20:59:40,06-10-2023 18:39:27,shipped,EUR,428.56,2.5,11.73
ORD00503,CUST0129,2023-10-16T21:25:14,09-30-2023 02:58:07,paid,EUR,91.79,2.06,3.19
ORD00504,CUST0450,2023-07-03T18:24:40,08-01-2023 23:46:22,paid,USD,387.76,10.48,49.8
ORD00505,CUST0054,2023-04-12T22:13:56,08-29-2023 01:07:47,shipped,USD,330.87,17.71,15.47
ORD00506,CUST0127,2023-10-14T10:52:01,04-21-2023 08:42:20,refunded,EUR,74.33,16.77,1.43
ORD00507,CUST0340,2023-05-19T14:00:05,12-01-2023 03:13:06,cancelled,,238.92,17.42,46.74
ORD00508,CUST0281,2023-06-22T18:15:19,02-22-2023 11:21:43,COMPLETE,EUR,299.51,9.13,37.45
ORD00509,CUST0450,2023-08-08T00:42:59,06-18-2023 22:16:58,COMPLETE,AED,455.37,9.63,11.36
ORD00510,,2023-02-04T18:42:14,06-21-2023 14:26:11,cancelled,AED,211.98,3.11,0.53
ORD00511,CUST0268,2023-11-13T15:53:25,10-22-2023 11:48:25,shipped,AED,150.51,10.7,34.39
ORD00512,CUST0252,2023-10-21T09:30:57,07-05-2023 06:35:14,cancelled,USD,385.28,15.96,29.85
ORD00513,CUST0408,2023-01-03T19:16:35,08-01-2023 21:42:28,cancelled,EUR,211.75,11.21,19.74
ORD00514,CUST0084,2023-10-05T15:42:17,10-14-2023 06:26:10,refunded,,118.09,1.58,31.27
ORD00515,CUST0265,2023-10-24T22:00:48,11-07-2023 16:09:32,COMPLETE,AED,149.49,14.86,40.44
ORD00516,CUST0212,2023-03-15T00:17:34,11-28-2023 11:01:44,paid,EUR,76.95,2.21,22.77
ORD00517,CUST0232,2023-04-16T16:28:26,09-30-2023 00:52:40,COMPLETE,,102.02,0.39,2.48
ORD00518,CUST0274,2023-01-09T14:16:29,03-14-2023 05:03:50,paid,AED,141.91,14.3,36.36
ORD00519,CUST0120,2023-02-05T00:41:48,02-28-2023 12:28:25,paid,,116.42,8.4,39.29
ORD00520,CUST0256,2023-05-25T05:40:18,06-30-2023 01:51:08,paid,AED,49.31,15.01,7.3
ORD00521,CUST0137,2023-10-29T05:36:32,06-02-2023 09:38:09,paid,,98.99,17.91,12.5
ORD00522,CUST0196,2023-11-18T15:52:07,01-05-2023 21:35:05,paid,EUR,198.55,19.5,12.36
ORD00523,CUST0018,2023-03-19T08:29:27,06-28-2023 23:17:24,paid,EUR,241.68,13.63,15.61
ORD00524,CUST0166,2023-03-03T14:21:56,09-02-2023 08:14:09,paid,USD,134.12,12.77,9.94
ORD00525,CUST0455,2023-01-21T05:29:26,12-02-2023 09:52:22,shipped,USD,125.62,8.68,0.75
ORD00526,CUST0407,2023-04-18T05:26:20,08-16-2023 01:46:11,paid,,396.68,0.18,2.1
ORD00527,,2023-11-01T06:31:06,09-26-2023 06:16:11,refunded,EUR,191.99,1.79,7.88
ORD00528,CUST0047,2023-09-24T09:28:02,08-29-2023 06:11:16,cancelled,USD,39.29,12.89,35.07
ORD00529,CUST0406,2023-02-11T16:57:46,02-18-2023 20:47:48,refunded,EUR,165.20,11.17,32.23
ORD00530,CUST0178,2023-11-09T20:02:26,12-13-2023 08:08:26,refunded,EUR,20.46,7.56,36.22
ORD00531,CUST0129,2023-12-16T00:08:48,01-16-2023 08:03:35,refunded,,283.92,10.85,24.5
ORD00532,CUST0291,2023-03-14T11:29:13,07-31-2023 02:54:38,cancelled,AED,368.88,5.51,41.57
ORD00533,CUST0469,2023-12-01T05:00:30,08-04-2023 08:30:14,shipped,USD,270.26,8.99,40.97
ORD00534,CUST0278,2023-05-23T13:44:18,06-26-2023 08:19:22,paid,,369.49,17.66,30.99
ORD00535,CUST0187,2023-10-29T08:59:55,08-29-2023 20:39:28,shipped,AED,363.29,13.17,26.95
ORD00536,CUST0199,2023-03-15T17:42:41,07-23-2023 12:41:03,refunded,EUR,310.39,6.45,32.05
ORD00537,CUST0057,2023-02-07T09:10:25,07-23-2023 04:34:56,paid,USD,419.24,2.6,43.67
ORD00538,CUST0104,2023-02-11T13:49:35,07-08-2023 11:58:44,shipped,USD,25.59,12.84,19.43
ORD00539,CUST0251,2023-07-24T05:00:37,08-31-2023 07:49:35,COMPLETE,AED,34.05,4.41,35.89
ORD00540,CUST0007,2023-12-28T06:11:42,12-24-2023 16:40:13,shipped,,464.92,16.64,23.4
ORD00541,CUST0328,2023-01-24T13:46:00,05-21-2023 04:04:28,COMPLETE,,412.79,15.88,2.92
ORD00542,CUST0316,2023-04-14T05:34:52,07-25-2023 10:49:53,paid,USD,418.88,1.56,10.8
ORD00543,CUST0266,2023-02-07T17:13:01,02-09-2023 07:29:11,shipped,,102.84,10.52,12.44
ORD00544,,2023-08-31T20:27:06,03-11-2023 11:26:57,COMPLETE,,375.59,15.33,28.83
ORD00545,CUST0346,2023-06-28T03:35:08,09-30-2023 20:14:40,refunded,USD,91.74,3.61,20.08
ORD00546,CUST0173,2023-09-13T08:38:28,03-03-2023 10:18:41,COMPLETE,,467.42,18.05,27.5
ORD00547,CUST0167,2023-11-25T02:36:36,05-25-2023 08:40:37,refunded,,414.82,6.47,12.04
ORD00548,CUST0280,2023-03-25T01:57:17,05-26-2023 15:50:28,COMPLETE,AED,186.40,9.05,47.99
ORD00549,CUST0001,2023-10-10T01:43:49,01-14-2023 11:04:53,cancelled,USD,263.63,19.87,15.09
ORD00550,CUST0154,2023-03-28T04:08:02,03-25-2023 10:17:37,cancelled,USD,388.05,18.87,41.12
ORD00551,CUST0471,2023-08-04T00:30:52,07-18-2023 13:23:44,COMPLETE,EUR,56.20,9.21,7.81
ORD00552,CUST0136,2023-05-23T13:27:37,12-12-2023 11:54:33,COMPLETE,EUR,124.17,16.22,4.6
ORD00553,CUST0205,2023-08-10T00:04:10,12-23-2023 11:16:42,shipped,USD,364.55,15.86,8.65
ORD00554,CUST0423,2023-12-16T03:30:42,09-25-2023 19:29:31,COMPLETE,USD,301.66,6.01,36.54
ORD00555,CUST0296,2023-05-29T04:16:03,01-31-2023 11:27:44,paid,AED,180.49,16.34,20.83
ORD00556,CUST0445,2023-02-16T19:31:08,12-04-2023 18:59:52,shipped,USD,320.60,12.64,2.71
ORD00557,CUST0269,2023-01-16T23:50:47,05-05-2023 00:14:45,COMPLETE,EUR,170.15,13.96,7.66
ORD00558,CUST0345,2023-10-12T02:48:23,06-02-2023 13:55:55,refunded,USD,118.82,5.8,19.72
ORD00559,CUST0068,2023-05-11T13:18:52,02-02-2023 01:22:34,refunded,USD,278.59,5.25,19.93
ORD00560,CUST0223,2023-10-28T12:34:22,09-29-2023 00:37:28,shipped,EUR,245.65,3.96,19.77
ORD00561,,2023-08-10T21:11:16,03-18-2023 03:46:40,COMPLETE,EUR,128.73,5.33,21.5
ORD00562,CUST0351,2023-12-25T21:35:28,08-12-2023 16:52:44,paid,USD,339.16,8.47,17.42
ORD00563,CUST0165,2023-05-14T19:12:17,08-19-2023 15:20:10,paid,AED,92.94,6.99,41.08
ORD00564,CUST0412,2023-06-21T17:41:48,08-31-2023 00:28:43,shipped,,31.99,16.36,9.98
ORD00565,CUST0192,2023-03-02T13:56:36,10-22-2023 06:35:26,paid,USD,372.39,4.86,31.05
ORD00566,CUST0076,2023-12-04T09:21:31,11-20-2023 06:56:50,cancelled,USD,178.20,16.09,15.26
ORD00567,CUST0242,2023-01-09T20:01:40,05-09-2023 21:18:54,shipped,EUR,109.86,10.47,12.93
ORD00568,CUST0248,2023-08-30T23:10:20,10-11-2023 11:22:51,shipped,USD,194.54,18.12,26.34
ORD00569,CUST0131,2023-03-08T03:29:39,01-24-2023 08:15:58,cancelled,EUR,396.70,12.36,2.65
ORD00570,CUST0336,2023-01-04T05:40:48,01-26-2023 20:44:11,refunded,AED,334.86,18.26,18.01
ORD00571,CUST0056,2023-01-08T09:49:22,04-24-2023 14:15:22,refunded,EUR,490.10,10.17,35.48
ORD00572,CUST0463,2023-05-03T12:15:45,07-08-2023 05:22:43,COMPLETE,USD,101.34,10.01,22.9
ORD00573,CUST0475,2023-10-04T16:41:39,01-09-2023 08:17:13,paid,EUR,461.91,6.1,24.5
ORD00574,CUST0382,2023-03-02T23:23:42,01-08-2023 03:14:29,cancelled,AED,184.14,6.05,49.8
ORD00575,CUST0257,2023-04-18T03:22:18,11-12-2023 07:23:23,paid,AED,440.55,17.81,40.74
ORD00576,CUST0016,2023-08-04T12:24:34,04-19-2023 19:35:45,shipped,EUR,177.48,7.86,6.86
ORD00577,CUST0374,2023-05-29T10:25:42,07-22-2023 05:26:31,COMPLETE,EUR,214.49,11.46,21.32
ORD00578,,2023-05-02T07:37:06,12-20-2023 07:20:54,COMPLETE,AED,230.09,2.64,32.62
ORD00579,CUST0298,2023-07-30T05:47:00,09-23-2023 15:47:43,shipped,EUR,161.41,14.1,26.19
ORD00580,CUST0070,2023-06-17T00:29:23,12-20-2023 00:30:48,shipped,EUR,165.57,11.15,47.43
ORD00581,CUST0061,2023-03-13T12:15:52,05-04-2023 08:13:26,shipped,USD,385.06,17.6,20.7
ORD00582,CUST0211,2023-04-28T19:24:33,06-22-2023 01:06:03,cancelled,EUR,391.76,2.14,9.24
ORD00583,CUST0391,2023-08-26T16:04:54,08-28-2023 14:21:29,cancelled,EUR,302.22,4.62,1.3
ORD00584,CUST0041,2023-09-25T05:56:29,10-30-2023 20:30:26,refunded,EUR,256.14,12.09,35.6
ORD00585,CUST0192,2023-03-13T10:47:06,11-27-2023 22:25:19,refunded,,242.18,3.28,11.31
ORD00586,CUST0210,2023-10-24T22:01:06,01-06-2023 19:56:34,cancelled,,119.05,13.43,10.14
ORD00587,CUST0105,2023-01-26T16:26:06,03-10-2023 18:29:18,refunded,,347.05,17.34,44.38
ORD00588,CUST0219,2023-06-07T05:37:54,10-29-2023 10:50:44,paid,,362.90,7.88,46.96
ORD00589,CUST0293,2023-08-19T14:40:16,07-28-2023 05:22:03,COMPLETE,USD,265.12,9.03,41.35
ORD00590,CUST0022,2023-12-07T21:30:07,04-06-2023 10:17:30,COMPLETE,,492.08,0.79,19.37
ORD00591,CUST0392,2023-09-02T22:04:13,01-20-2023 03:28:00,shipped,AED,225.38,17.69,38.68
ORD00592,CUST0147,2023-06-29T04:04:02,03-06-2023 15:46:03,refunded,AED,310.44,1.09,25.85
ORD00593,CUST0073,2023-06-30T00:52:08,11-19-2023 07:10:05,refunded,USD,364.10,2.26,38.94
ORD00594,CUST0481,2023-12-14T07:44:28,09-28-2023 08:15:14,COMPLETE,EUR,202.60,6.47,1.25
ORD00595,,2023-06-26T04:36:39,08-18-2023 06:08:20,shipped,,54.19,6.48,32.43
ORD00596,CUST0365,2023-11-06T07:47:22,03-05-2023 16:32:06,paid,USD,65.94,8.99,18.15
ORD00597,CUST0269,2023-10-02T16:19:09,05-30-2023 03:57:13,COMPLETE,EUR,195.55,7.61,38.41
ORD00598,CUST0468,2023-05-11T04:13:35,08-08-2023 14:45:48,shipped,EUR,435.72,3.58,35.6
ORD00599,CUST0215,2023-04-30T15:20:52,05-01-2023 04:55:10,refunded,AED,316.96,2.35,6.58
ORD00600,CUST0104,2023-01-02T08:55:44,08-30-2023 18:40:58,cancelled,USD,234.73,17.11,27.18
ORD00601,CUST0003,2023-08-25T02:49:15,12-09-2023 19:23:15,refunded,EUR,116.27,13.19,22.69
ORD00602,CUST0227,2023-01-31T20:06:26,08-22-2023 11:44:40,COMPLETE,USD,129.91,10.95,30.99
ORD00603,CUST0286,2023-11-15T12:05:07,11-17-2023 11:54:39,shipped,USD,100.57,1.1,17.45
ORD00604,CUST0075,2023-11-28T14:15:56,01-13-2023 14:17:20,COMPLETE,AED,172.24,1.75,5.44
ORD00605,CUST0092,2023-03-04T15:45:11,09-19-2023 00:20:14,cancelled,EUR,483.48,14.99,18.01
ORD00606,CUST0019,2023-02-06T03:59:59,10-26-2023 11:03:03,cancelled,AED,190.60,7.58,3.38
ORD00607,CUST0219,2023-11-24T12:12:55,08-02-2023 18:45:44,paid,AED,240.70,2.44,42.97
ORD00608,CUST0169,2023-07-24T16:29:15,06-10-2023 16:30:11,COMPLETE,EUR,350.96,12.24,5.47
ORD00609,CUST0374,2023-09-02T06:30:19,07-25-2023 10:08:23,paid,,364.80,12.1,39.41
ORD00610,CUST0362,2023-04-22T12:46:46,06-15-2023 20:25:41,COMPLETE,AED,137.23,11.5,31.16
ORD00611,CUST0475,2023-02-20T09:00:50,08-27-2023 13:35:51,COMPLETE,,264.66,12.64,24.63
ORD00612,,2023-03-11T20:51:24,12-10-2023 04:20:32,COMPLETE,EUR,357.21,19.59,0.08
ORD00613,CUST0013,2023-06-30T13:02:53,08-31-2023 21:42:59,paid,EUR,401.79,19.98,20.7
ORD00614,CUST0171,2023-05-16T18:58:28,08-06-2023 15:27:03,shipped,USD,323.90,13.8,12.72
ORD00615,CUST0035,2023-04-30T12:38:53,04-27-2023 14:50:58,COMPLETE,AED,385.85,2.28,16.66
ORD00616,CUST0203,2023-10-09T07:51:57,08-09-2023 22:43:59,COMPLETE,USD,417.70,3.88,41.69
ORD00617,CUST0473,2023-09-19T03:54:08,07-06-2023 01:36:45,refunded,USD,326.37,9.63,31.36
ORD00618,CUST0457,2023-12-03T00:28:31,07-28-2023 12:54:00,cancelled,,394.15,8.28,37.13
ORD00619,CUST0428,2023-07-22T08:45:16,04-27-2023 06:05:09,COMPLETE,AED,282.04,0.37,28.87
ORD00620,CUST0170,2023-11-07T12:12:33,12-22-2023 19:28:35,cancelled,USD,485.11,5.61,1.56
ORD00621,CUST0193,2023-09-01T07:30:15,07-27-2023 11:47:12,shipped,,101.82,2.34,39.12
ORD00622,CUST0158,2023-10-01T21:33:26,11-30-2023 03:27:25,cancelled,USD,143.03,1.74,43.85
ORD00623,CUST0191,2023-06-25T12:04:20,11-19-2023 03:06:14,cancelled,EUR,267.30,3.5,18.71
ORD00624,CUST0020,2023-10-30T01:31:54,03-20-2023 11:41:37,paid,,257.94,15.98,45.25
ORD00625,CUST0079,2023-03-15T20:54:04,05-13-2023 02:06:35,refunded,AED,390.01,2.87,43.59
ORD00626,CUST0421,2023-07-20T10:50:06,09-20-2023 19:27:44,shipped,EUR,365.04,9.19,35.68
ORD00627,CUST0268,2023-02-14T23:40:10,01-02-2023 14:18:24,cancelled,USD,346.66,11.89,4.35
ORD00628,CUST0240,2023-12-12T07:48:47,01-18-2023 22:03:13,paid,AED,21.02,15.17,31.94
ORD00629,,2023-03-23T11:54:12,05-05-2023 14:49:18,shipped,EUR,150.42,10.65,38.64
ORD00630,CUST0344,2023-02-15T16:35:07,04-16-2023 21:19:17,shipped,EUR,144.08,0.31,31.15
ORD00631,CUST0264,2023-02-09T18:12:24,03-22-2023 05:26:26,COMPLETE,AED,279.19,5.42,47.16
ORD00632,CUST0412,2023-04-21T00:14:46,08-11-2023 22:50:27,shipped,EUR,44.91,12.27,16.94
ORD00633,CUST0228,2023-01-20T16:48:08,02-20-2023 12:22:39,paid,,452.61,1.01,19.18
ORD00634,CUST0045,2023-06-15T14:56:55,06-02-2023 04:55:44,shipped,,311.99,6.25,40.87
ORD00635,CUST0366,2023-10-22T12:49:26,09-18-2023 12:57:50,COMPLETE,USD,487.10,15.11,23.28
ORD00636,CUST0068,2023-02-06T02:02:29,11-12-2023 16:19:14,refunded,USD,233.24,13.69,35.51
ORD00637,CUST0239,2023-07-02T17:48:19,03-31-2023 23:32:47,shipped,EUR,431.94,12.34,45.64
ORD00638,CUST0201,2023-03-13T04:58:28,09-29-2023 16:52:51,cancelled,AED,232.11,0.61,23.77
ORD00639,CUST0180,2023-07-05T21:21:38,06-29-2023 03:05:02,shipped,AED,386.29,12.09,6.37
ORD00640,CUST0053,2023-06-07T13:16:02,11-14-2023 12:08:42,paid,AED,282.51,1.42,15.11
ORD00641,CUST0237,2023-06-05T15:52:49,08-18-2023 08:11:38,refunded,EUR,314.23,10.96,48.69
ORD00642,CUST0197,2023-01-26T15:43:23,05-13-2023 07:41:10,shipped,,394.31,8.71,39.37
ORD00643,CUST0279,2023-09-27T13:47:23,04-02-2023 17:07:04,shipped,USD,372.29,14.24,41.84
ORD00644,CUST0059,2023-08-18T23:21:37,08-20-2023 11:49:34,refunded,AED,281.99,16.44,8.81
ORD00645,CUST0490,2023-06-07T14:16:17,01-28-2023 00:47:24,COMPLETE,USD,345.90,11.93,40.99
ORD00646,,2023-05-08T03:39:57,07-11-2023 23:09:52,paid,USD,116.63,2.78,29.04
ORD00647,CUST0387,2023-09-05T01:11:15,11-11-2023 12:15:00,paid,EUR,333.83,9.06,14.58
ORD00648,CUST0316,2023-08-13T10:42:40,06-23-2023 15:49:52,shipped,EUR,343.94,6.33,28.51
ORD00649,CUST0468,2023-09-21T21:56:53,04-29-2023 06:36:46,refunded,AED,495.24,11.65,30.57
ORD00650,CUST0262,2023-06-06T23:23:34,11-26-2023 04:32:49,shipped,AED,40.58,18.02,48.39
ORD00651,CUST0001,2023-10-01T03:44:08,08-06-2023 11:51:37,cancelled,USD,432.01,17.31,11.76
ORD00652,CUST0360,2023-08-18T04:43:33,06-03-2023 02:50:49,cancelled,,208.96,8.7,10.56
ORD00653,CUST0089,2023-07-04T10:07:20,02-24-2023 00:12:56,shipped,,423.23,7.21,20.86
ORD00654,CUST0148,2023-12-05T22:29:10,09-18-2023 05:28:06,shipped,EUR,15.69,12.97,7.2
ORD00655,CUST0454,2023-07-09T00:23:06,09-13-2023 12:19:16,refunded,EUR,51.49,12.84,20.79
ORD00656,CUST0234,2023-12-14T00:47:32,11-03-2023 09:20:45,COMPLETE,,315.39,9.09,21.21
ORD00657,CUST0420,2023-06-24T18:43:50,05-30-2023 09:48:03,cancelled,EUR,101.04,12.09,28.9
ORD00658,CUST0434,2023-10-11T20:36:23,04-02-2023 22:40:10,COMPLETE,AED,211.31,10.92,18.35
ORD00659,CUST0020,2023-08-09T15:32:16,07-07-2023 16:23:07,cancelled,USD,294.33,19.23,4.0
ORD00660,CUST0374,2023-10-12T00:08:47,07-24-2023 10:28:43,cancelled,,263.31,10.47,30.5
ORD00661,CUST0126,2023-07-03T11:34:04,09-02-2023 22:12:13,paid,AED,310.39,18.07,26.75
ORD00662,CUST0006,2023-07-02T02:10:26,06-26-2023 07:54:38,COMPLETE,,291.24,6.63,17.65
ORD00663,,2023-11-06T23:58:46,04-25-2023 10:02:17,cancelled,EUR,27.31,18.46,37.47
ORD00664,CUST0373,2023-11-01T20:55:52,08-07-2023 22:07:23,cancelled,USD,318.36,11.56,28.64
ORD00665,CUST0337,2023-04-24T07:20:13,11-11-2023 03:27:18,COMPLETE,USD,150.54,1.65,25.28
ORD00666,CUST0436,2023-11-01T09:11:56,04-18-2023 21:44:18,cancelled,EUR,311.74,5.5,12.85
ORD00667,CUST0380,2023-02-13T07:42:56,08-23-2023 12:01:28,shipped,EUR,332.99,7.4,8.77
ORD00668,CUST0401,2023-09-30T03:41:42,04-02-2023 17:30:18,refunded,EUR,401.69,17.24,17.14
ORD00669,CUST0044,2023-02-26T08:09:09,08-20-2023 06:52:23,shipped,,378.85,8.26,19.16
ORD00670,CUST0339,2023-06-20T22:49:17,10-09-2023 22:48:07,shipped,EUR,293.10,16.84,2.72
ORD00671,CUST0136,2023-10-21T09:37:14,11-15-2023 06:34:57,paid,USD,92.12,7.97,15.07
ORD00672,CUST0383,2023-10-20T05:08:09,12-25-2023 05:56:36,COMPLETE,EUR,196.10,14.11,23.73
ORD00673,CUST0075,2023-07-26T00:04:44,12-04-2023 23:34:35,refunded,USD,151.51,15.95,19.1
ORD00674,CUST0162,2023-07-25T22:19:12,09-23-2023 04:52:06,paid,USD,459.68,12.75,47.81
ORD00675,CUST0222,2023-08-26T02:08:16,12-23-2023 12:46:18,cancelled,AED,142.46,16.05,12.77
ORD00676,CUST0300,2023-06-01T21:49:02,06-29-2023 01:50:36,shipped,EUR,264.78,13.55,49.66
ORD00677,CUST0161,2023-08-01T16:07:08,01-05-2023 02:35:38,paid,USD,15.86,1.95,5.2
ORD00678,CUST0229,2023-05-17T12:22:13,03-27-2023 05:06:30,cancelled,AED,104.61,0.47,4.6
ORD00679,CUST0481,2023-08-19T17:46:22,09-13-2023 00:00:25,shipped,USD,356.96,2.4,42.82
ORD00680,,2023-02-20T10:49:24,05-27-2023 00:11:11,COMPLETE,EUR,449.04,13.91,12.67
ORD00681,CUST0240,2023-09-14T12:05:58,12-30-2023 13:50:57,paid,,462.12,5.53,21.35
ORD00682,CUST0463,2023-09-17T06:17:20,10-26-2023 23:48:23,cancelled,AED,89.36,1.48,38.86
ORD00683,CUST0196,2023-05-31T21:55:31,05-10-2023 04:34:00,paid,AED,478.25,5.29,22.03
ORD00684,CUST0252,2023-12-27T15:03:05,03-19-2023 22:22:18,COMPLETE,,97.44,9.84,7.19
ORD00685,CUST0394,2023-06-17T11:34:28,03-26-2023 19:30:34,COMPLETE,USD,457.18,14.31,5.16
ORD00686,CUST0038,2023-01-28T08:17:25,08-10-2023 21:19:02,cancelled,,19.19,9.95,32.64
ORD00687,CUST0001,2023-12-29T07:11:59,01-15-2023 16:39:13,refunded,AED,84.29,6.6,19.57
ORD00688,CUST0002,2023-07-20T03:43:03,10-02-2023 19:21:45,refunded,,223.67,16.88,39.05
ORD00689,CUST0403,2023-01-28T05:22:35,07-29-2023 18:21:52,shipped,USD,198.37,13.79,38.99
ORD00690,CUST0063,2023-08-09T07:05:46,07-27-2023 21:23:44,cancelled,AED,344.10,8.01,31.61
ORD00691,CUST0491,2023-09-09T07:10:14,02-05-2023 05:04:38,cancelled,AED,49.42,9.19,38.33
ORD00692,CUST0332,2023-03-20T21:13:12,03-10-2023 14:12:06,COMPLETE,USD,484.08,13.21,14.94
ORD00693,CUST0200,2023-12-15T03:37:09,02-11-2023 11:09:00,cancelled,,51.58,12.66,36.77
ORD00694,CUST0072,2023-01-14T20:43:55,03-16-2023 23:45:16,paid,EUR,249.72,1.26,27.03
ORD00695,CUST0158,2023-07-14T01:23:37,07-27-2023 08:40:54,refunded,USD,28.15,1.12,39.39
ORD00696,CUST0022,2023-06-07T11:36:25,02-15-2023 21:35:01,shipped,,470.64,17.4,26.83
ORD00697,,2023-10-15T19:06:02,08-13-2023 23:53:36,shipped,USD,28.07,2.83,32.69
ORD00698,CUST0242,2023-12-19T07:31:11,12-23-2023 12:33:28,COMPLETE,USD,128.91,12.98,0.72
ORD00699,CUST0324,2023-01-20T09:38:32,12-18-2023 08:03:51,cancelled,USD,233.53,3.41,29.55
ORD00700,CUST0419,2023-11-14T11:22:34,02-11-2023 07:04:43,paid,,301.54,12.31,3.16
ORD00701,CUST0104,2023-06-15T12:34:43,05-12-2023 00:15:56,refunded,AED,69.19,13.68,27.29
ORD00702,CUST0165,2023-11-21T20:03:55,11-05-2023 00:14:36,shipped,USD,300.61,6.71,6.04
ORD00703,CUST0073,2023-10-22T04:52:42,06-11-2023 05:31:07,shipped,AED,281.17,8.77,46.28
ORD00704,CUST0021,2023-02-21T19:06:24,02-08-2023 19:46:04,COMPLETE,,391.05,0.31,24.35
ORD00705,CUST0004,2023-01-03T19:19:57,03-11-2023 16:14:56,paid,AED,213.95,16.15,38.63
ORD00706,CUST0355,2023-02-19T06:43:23,03-22-2023 01:33:09,shipped,AED,266.31,8.24,46.9
ORD00707,CUST0313,2023-09-26T14:51:53,01-15-2023 14:39:18,COMPLETE,EUR,361.43,12.24,4.4
ORD00708,CUST0424,2023-10-31T22:12:09,04-27-2023 23:23:07,cancelled,,12.24,4.71,5.88
ORD00709,CUST0272,2023-02-07T03:50:17,08-29-2023 08:45:40,cancelled,EUR,237.47,12.53,10.41
ORD00710,CUST0028,2023-03-17T05:35:30,02-13-2023 18:14:43,shipped,,253.78,3.2,46.13
ORD00711,CUST0028,2023-09-08T10:32:19,05-22-2023 10:31:31,cancelled,EUR,222.99,6.69,40.26
ORD00712,CUST0389,2023-06-25T23:38:31,01-17-2023 19:44:53,paid,USD,463.18,3.52,39.27
ORD00713,CUST0249,2023-07-19T23:15:01,02-15-2023 01:48:18,paid,EUR,363.49,11.85,16.3
ORD00714,,2023-03-19T04:29:50,10-18-2023 03:21:11,cancelled,EUR,391.70,6.52,4.9
ORD00715,CUST0378,2023-06-10T05:40:06,12-04-2023 19:55:40,shipped,,446.77,1.47,29.25
ORD00716,CUST0028,2023-12-12T19:57:27,06-19-2023 06:33:24,shipped,EUR,464.66,9.1,19.37
ORD00717,CUST0070,2023-06-27T18:26:52,10-07-2023 13:13:12,shipped,AED,488.02,4.04,6.36
ORD00718,CUST0355,2023-08-09T20:20:59,01-24-2023 03:59:39,cancelled,EUR,64.44,9.31,20.91
ORD00719,CUST0390,2023-05-14T10:21:37,03-27-2023 09:11:01,cancelled,EUR,396.88,12.76,30.58
ORD00720,CUST0088,2023-08-13T12:28:56,08-03-2023 16:03:21,shipped,USD,211.73,10.44,43.11
ORD00721,CUST0111,2023-08-18T17:56:00,07-03-2023 21:14:14,refunded,AED,17.11,8.56,43.63
ORD00722,CUST0127,2023-05-08T02:37:09,06-18-2023 15:29:29,COMPLETE,EUR,446.99,11.84,7.45
ORD00723,CUST0294,2023-12-15T20:18:48,01-02-2023 23:19:35,refunded,USD,29.63,9.41,38.43
ORD00724,CUST0018,2023-06-15T07:47:22,07-26-2023 06:24:47,refunded,,406.76,13.93,4.9
ORD00725,CUST0254,2023-04-04T09:43:46,02-02-2023 06:28:08,COMPLETE,USD,349.65,8.13,10.9
ORD00726,CUST0184,2023-04-25T20:57:59,04-03-2023 20:13:22,paid,USD,245.09,6.1,35.17
ORD00727,CUST0440,2023-08-10T12:20:03,10-18-2023 05:13:00,COMPLETE,USD,488.45,9.28,6.93
ORD00728,CUST0361,2023-06-07T10:13:57,03-13-2023 19:49:09,cancelled,,354.91,0.03,31.37
ORD00729,CUST0198,2023-12-13T23:24:45,09-26-2023 06:15:45,cancelled,USD,155.33,15.06,34.9
ORD00730,CUST0314,2023-07-30T15:51:41,08-12-2023 09:31:34,shipped,USD,314.02,6.71,46.61
ORD00731,,2023-07-19T21:41:30,12-20-2023 09:51:11,cancelled,USD,64.37,7.31,30.96
ORD00732,CUST0188,2023-05-23T07:24:11,03-10-2023 01:36:38,COMPLETE,USD,284.77,15.47,6.92
ORD00733,CUST0172,2023-04-03T16:13:04,07-29-2023 13:45:06,paid,,371.32,15.05,43.56
ORD00734,CUST0360,2023-03-23T11:25:17,10-20-2023 12:05:08,shipped,AED,182.83,5.35,34.01
ORD00735,CUST0142,2023-01-22T03:36:14,01-25-2023 14:38:36,cancelled,AED,231.68,10.03,41.48
ORD00736,CUST0241,2023-10-03T16:03:04,07-26-2023 13:42:32,COMPLETE,AED,231.47,7.36,33.67
ORD00737,CUST0355,2023-11-11T02:31:26,12-09-2023 23:22:16,paid,EUR,447.03,9.16,4.01
ORD00738,CUST0460,2023-03-11T10:38:49,04-22-2023 23:49:41,paid,USD,90.74,2.24,7.4
ORD00739,CUST0078,2023-12-06T19:31:37,03-21-2023 07:48:19,COMPLETE,USD,153.65,19.39,27.07
ORD00740,CUST0068,2023-07-04T01:06:50,05-15-2023 15:28:49,refunded,,371.48,0.43,9.45
ORD00741,CUST0012,2023-12-05T13:42:22,11-08-2023 11:04:48,shipped,AED,211.73,6.86,32.3
ORD00742,CUST0168,2023-07-08T19:13:53,08-19-2023 10:29:25,COMPLETE,,234.42,11.35,44.91
ORD00743,CUST0157,2023-03-08T16:42:21,11-03-2023 12:30:29,cancelled,EUR,247.28,19.41,38.49
ORD00744,CUST0025,2023-02-27T14:36:48,05-18-2023 03:19:31,cancelled,,478.54,12.37,8.04
ORD00745,CUST0275,2023-04-21T18:41:27,03-12-2023 18:58:38,shipped,EUR,89.01,2.34,49.69
ORD00746,CUST0295,2023-02-19T02:49:06,06-21-2023 05:22:47,cancelled,AED,100.40,11.25,1.73
ORD00747,CUST0163,2023-05-14T12:53:11,02-27-2023 10:56:24,cancelled,,274.53,3.25,15.08
ORD00748,,2023-12-24T11:03:59,01-10-2023 16:19:11,refunded,,386.57,18.96,46.39
ORD00749,CUST0080,2023-01-02T16:01:32,10-14-2023 19:16:19,COMPLETE,AED,327.15,5.91,44.8
ORD00750,CUST0497,2023-10-20T21:17:45,08-11-2023 19:31:43,shipped,,175.96,2.25,23.95
ORD00751,CUST0021,2023-02-24T03:31:09,09-21-2023 07:29:44,COMPLETE,USD,160.96,8.03,42.04
ORD00752,CUST0229,2023-05-19T19:08:57,02-05-2023 21:59:11,cancelled,USD,307.99,3.9,26.32
ORD00753,CUST0401,2023-12-30T09:01:50,10-25-2023 21:50:41,cancelled,EUR,21.05,10.77,22.27
ORD00754,CUST0344,2023-02-03T22:24:43,07-18-2023 18:12:19,refunded,EUR,250.33,12.06,25.58
ORD00755,CUST0029,2023-12-19T19:20:21,09-16-2023 22:42:47,cancelled,,82.49,17.08,18.48
ORD00756,CUST0191,2023-01-05T17:37:35,04-21-2023 13:08:01,cancelled,AED,160.96,8.91,28.05
ORD00757,CUST0111,2023-10-10T16:05:05,12-11-2023 18:56:28,refunded,,403.81,5.77,40.28
ORD00758,CUST0497,2023-12-15T15:23:25,06-14-2023 14:24:08,refunded,EUR,419.40,11.96,7.18
ORD00759,CUST0156,2023-07-04T07:42:53,12-03-2023 21:55:36,COMPLETE,AED,42.40,19.2,37.81
ORD00760,CUST0046,2023-01-03T13:41:32,06-09-2023 00:26:59,cancelled,,95.70,9.24,28.4
ORD00761,CUST0469,2023-02-23T04:15:09,03-19-2023 09:12:54,shipped,,151.84,9.81,41.14
ORD00762,CUST0155,2023-11-21T02:53:52,08-16-2023 06:32:10,cancelled,,284.05,9.27,1.34
ORD00763,CUST0002,2023-03-01T19:36:26,04-13-2023 00:19:38,cancelled,,70.85,13.32,14.38
ORD00764,CUST0092,2023-07-11T00:42:52,12-19-2023 03:55:30,shipped,USD,68.48,5.54,49.72
ORD00765,,2023-01-26T21:55:13,08-21-2023 14:04:18,cancelled,,287.13,17.37,31.4
ORD00766,CUST0244,2023-09-27T14:49:59,11-14-2023 18:55:47,paid,AED,261.14,11.51,42.26
ORD00767,CUST0084,2023-08-14T21:24:46,01-23-2023 17:21:23,shipped,AED,235.91,13.87,17.87
ORD00768,CUST0028,2023-04-16T21:28:18,05-21-2023 06:17:14,refunded,AED,33.87,5.83,31.95
ORD00769,CUST0040,2023-07-19T13:34:58,03-17-2023 06:29:06,shipped,USD,303.39,3.34,16.13
ORD00770,CUST0162,2023-11-18T02:32:22,11-25-2023 03:55:23,cancelled,AED,345.87,13.77,4.79
ORD00771,CUST0297,2023-05-17T13:25:23,11-16-2023 17:51:01,shipped,USD,77.11,5.63,38.94
ORD00772,CUST0211,2023-05-13T03:56:52,12-24-2023 15:28:43,shipped,USD,116.76,10.07,41.58
ORD00773,CUST0408,2023-12-15T09:10:29,08-05-2023 23:02:38,COMPLETE,USD,214.50,18.32,5.83
ORD00774,CUST0068,2023-12-25T14:48:09,01-07-2023 17:59:15,refunded,AED,162.67,7.25,40.85
ORD00775,CUST0456,2023-08-21T02:29:20,07-23-2023 03:50:31,cancelled,EUR,357.85,0.58,40.73
ORD00776,CUST0114,2023-02-19T23:42:21,11-29-2023 18:05:47,shipped,EUR,160.64,4.2,49.06
ORD00777,CUST0218,2023-09-26T06:53:30,10-24-2023 07:53:46,paid,USD,19.22,9.69,21.56
ORD00778,CUST0101,2023-02-11T20:55:51,01-13-2023 17:39:00,COMPLETE,USD,239.85,18.17,2.16
ORD00779,CUST0155,2023-09-17T06:21:23,01-04-2023 23:44:44,paid,USD,460.85,4.11,45.06
ORD00780,CUST0095,2023-09-18T10:27:03,05-17-2023 12:31:52,paid,USD,81.32,14.92,13.87
ORD00781,CUST0297,2023-05-16T02:04:17,05-17-2023 18:46:20,shipped,EUR,257.41,1.37,40.98
ORD00782,,2023-10-24T09:57:00,01-06-2023 10:20:35,COMPLETE,EUR,360.75,19.29,8.59
ORD00783,CUST0387,2023-07-28T14:22:54,01-02-2023 16:20:54,paid,EUR,461.03,17.03,23.74
ORD00784,CUST0358,2023-08-17T21:25:30,03-13-2023 21:29:50,refunded,USD,98.62,7.1,18.98
ORD00785,CUST0110,2023-07-19T17:10:00,03-30-2023 08:57:32,refunded,USD,383.09,6.29,23.3
ORD00786,CUST0267,2023-02-22T18:47:42,07-12-2023 13:20:24,cancelled,AED,282.99,0.81,16.41
ORD00787,CUST0060,2023-05-30T10:25:11,04-21-2023 03:27:00,refunded,AED,346.65,16.82,11.29
ORD00788,CUST0209,2023-04-23T20:29:19,11-29-2023 04:35:09,refunded,EUR,429.82,17.9,40.12
ORD00789,CUST0481,2023-09-21T17:57:38,05-23-2023 16:48:07,shipped,USD,499.37,9.83,5.26
ORD00790,CUST0225,2023-07-22T23:33:59,09-13-2023 18:06:52,paid,USD,80.25,8.01,29.53
ORD00791,CUST0053,2023-10-15T22:38:54,12-26-2023 08:19:50,shipped,USD,188.22,3.98,10.01
ORD00792,CUST0433,2023-06-07T00:14:48,02-17-2023 16:13:34,shipped,,365.35,5.57,35.67
ORD00793,CUST0298,2023-08-19T13:13:07,04-17-2023 00:17:26,refunded,AED,243.15,12.06,20.22
ORD00794,CUST0249,2023-07-18T14:43:43,04-19-2023 07:26:56,shipped,,62.94,5.01,24.86
ORD00795,CUST0322,2023-02-22T06:38:27,01-12-2023 13:02:35,paid,USD,416.85,9.96,1.34
ORD00796,CUST0092,2023-05-29T14:23:52,08-23-2023 19:07:50,cancelled,EUR,158.35,12.46,38.01
ORD00797,CUST0339,2023-10-19T21:30:38,07-21-2023 22:16:30,refunded,,108.95,13.24,24.51
ORD00798,CUST0134,2023-07-30T15:53:22,05-14-2023 10:43:47,COMPLETE,USD,476.76,0.63,21.52
ORD00799,,2023-12-22T07:51:03,02-16-2023 06:24:37,refunded,,164.13,7.53,22.98
ORD00800,CUST0017,2023-03-10T16:32:24,08-05-2023 04:30:29,cancelled,EUR,250.83,2.69,35.79
ORD00801,CUST0250,2023-10-24T17:05:59,02-12-2023 11:30:50,COMPLETE,,333.44,13.71,28.61
ORD00802,CUST0244,2023-08-07T08:36:00,11-28-2023 19:07:58,shipped,USD,201.78,9.89,48.54
ORD00803,CUST0316,2023-09-20T17:19:23,05-17-2023 23:59:47,cancelled,AED,40.10,11.81,6.41
ORD00804,CUST0188,2023-05-16T11:46:02,11-11-2023 09:35:05,COMPLETE,USD,384.95,12.5,19.03
ORD00805,CUST0220,2023-05-15T00:57:58,05-19-2023 18:53:35,refunded,AED,37.66,4.88,11.73
ORD00806,CUST0160,2023-08-19T02:47:43,02-02-2023 23:42:51,paid,AED,66.09,3.4,26.92
ORD00807,CUST0020,2023-06-28T23:59:12,09-13-2023 10:50:24,refunded,,140.64,13.92,29.4
ORD00808,CUST0163,2023-05-27T16:46:10,08-10-2023 12:04:49,refunded,AED,290.54,16.17,5.0
ORD00809,CUST0346,2023-03-21T23:12:16,05-11-2023 11:26:37,refunded,AED,91.65,5.99,48.47
ORD00810,CUST0104,2023-07-12T23:55:32,09-04-2023 18:46:09,paid,EUR,150.80,0.95,49.81
ORD00811,CUST0206,2023-11-09T11:26:37,03-29-2023 17:24:35,COMPLETE,USD,361.68,11.56,29.59
ORD00812,CUST0140,2023-01-27T02:59:59,08-08-2023 23:29:39,COMPLETE,,219.28,6.95,3.83
ORD00813,CUST0422,2023-04-28T05:25:05,07-15-2023 23:34:52,cancelled,,335.09,6.27,20.72
ORD00814,CUST0129,2023-08-31T17:05:07,07-20-2023 03:35:21,refunded,EUR,441.64,12.56,25.81
ORD00815,CUST0096,2023-08-13T00:34:09,07-13-2023 20:54:54,shipped,,141.29,12.76,40.45
ORD00816,,2023-11-28T04:26:08,10-26-2023 16:42:36,refunded,USD,265.91,7.29,7.39
ORD00817,CUST0078,2023-10-17T21:15:52,09-24-2023 03:31:14,cancelled,,211.03,17.2,45.56
ORD00818,CUST0325,2023-03-21T01:17:54,11-25-2023 12:59:01,refunded,AED,413.62,12.92,12.82
ORD00819,CUST0308,2023-04-02T16:53:22,06-07-2023 14:56:41,shipped,USD,83.48,0.55,39.85
ORD00820,CUST0159,2023-06-30T06:16:55,07-08-2023 12:05:29,COMPLETE,,216.79,18.11,10.1
ORD00821,CUST0140,2023-02-22T23:37:32,01-12-2023 07:37:18,cancelled,AED,332.75,3.52,42.63
ORD00822,CUST0494,2023-10-08T13:56:44,07-08-2023 16:22:31,paid,USD,431.20,1.68,30.08
ORD00823,CUST0444,2023-01-25T16:37:27,12-16-2023 17:57:58,refunded,AED,339.12,17.71,19.84
ORD00824,CUST0430,2023-10-09T06:21:15,11-24-2023 07:00:06,shipped,EUR,64.85,14.69,46.65
ORD00825,CUST0268,2023-09-15T22:57:08,11-18-2023 22:40:06,COMPLETE,AED,253.26,1.8,29.99
ORD00826,CUST0396,2023-11-10T06:52:12,05-02-2023 17:11:45,cancelled,,404.86,14.88,46.78
ORD00827,CUST0112,2023-02-26T00:46:03,02-11-2023 11:34:43,shipped,EUR,485.26,8.79,12.72
ORD00828,CUST0302,2023-01-22T17:15:45,07-10-2023 10:28:23,COMPLETE,AED,352.81,2.26,27.29
ORD00829,CUST0244,2023-09-23T03:35:00,04-06-2023 16:07:03,cancelled,EUR,187.87,14.31,41.07
ORD00830,CUST0011,2023-09-08T15:32:29,12-18-2023 13:20:59,COMPLETE,USD,422.32,13.24,47.04
ORD00831,CUST0354,2023-12-23T07:19:18,11-03-2023 08:10:26,shipped,AED,280.84,6.19,47.92
ORD00832,CUST0186,2023-12-17T18:02:03,11-12-2023 10:43:17,paid,EUR,430.25,7.77,45.49
ORD00833,,2023-06-02T14:47:51,12-27-2023 04:59:43,cancelled,AED,54.22,16.45,11.77
ORD00834,CUST0108,2023-11-30T18:20:40,12-12-2023 17:42:03,shipped,,319.36,17.59,38.34
ORD00835,CUST0209,2023-11-03T12:58:17,01-14-2023 03:48:00,cancelled,USD,413.37,18.81,23.55
ORD00836,CUST0212,2023-12-26T19:34:47,11-23-2023 16:12:42,cancelled,,439.61,16.4,41.22
ORD00837,CUST0358,2023-04-12T08:25:02,07-16-2023 15:22:47,paid,AED,216.23,14.58,27.39
ORD00838,CUST0168,2023-06-26T00:42:20,09-27-2023 23:49:40,paid,USD,324.27,3.67,22.17
ORD00839,CUST0329,2023-02-22T20:28:17,01-02-2023 04:40:06,refunded,EUR,317.87,6.27,4.11
ORD00840,CUST0081,2023-04-07T22:28:25,07-20-2023 12:52:44,shipped,,398.39,6.39,23.92
ORD00841,CUST0377,2023-02-21T20:24:05,04-12-2023 05:42:45,shipped,AED,401.77,3.97,20.72
ORD00842,CUST0094,2023-06-02T19:37:53,12-07-2023 08:32:49,refunded,EUR,20.16,0.46,27.93
ORD00843,CUST0314,2023-09-01T08:35:25,03-30-2023 19:42:21,paid,,107.15,14.03,8.44
ORD00844,CUST0206,2023-08-29T00:12:54,06-16-2023 13:40:08,COMPLETE,AED,83.13,19.16,8.51
ORD00845,CUST0291,2023-02-15T13:47:10,01-06-2023 11:33:37,COMPLETE,,388.95,18.57,41.36
ORD00846,CUST0254,2023-02-16T00:36:54,03-29-2023 04:20:31,shipped,EUR,473.57,16.27,13.31
ORD00847,CUST0383,2023-07-11T21:58:51,05-29-2023 09:10:59,shipped,,429.61,12.0,49.76
ORD00848,CUST0145,2023-10-10T05:24:36,09-20-2023 23:51:20,shipped,,98.38,15.85,1.44
ORD00849,CUST0500,2023-04-12T16:08:52,04-02-2023 10:53:06,COMPLETE,,454.59,7.39,34.21
ORD00850,,2023-06-27T22:23:56,02-03-2023 07:08:32,paid,,75.27,6.46,34.65
ORD00851,CUST0352,2023-03-24T10:00:43,10-05-2023 00:46:22,refunded,,370.69,5.12,4.76
ORD00852,CUST0031,2023-01-21T05:43:29,05-10-2023 06:30:13,shipped,,455.03,19.93,46.97
ORD00853,CUST0496,2023-11-08T13:29:52,08-21-2023 07:55:37,paid,USD,134.29,12.39,15.13
ORD00854,CUST0203,2023-09-18T16:36:55,05-25-2023 01:02:59,shipped,USD,294.44,5.21,25.19
ORD00855,CUST0477,2023-05-12T17:21:22,12-07-2023 22:35:26,refunded,EUR,53.93,14.21,21.65
ORD00856,CUST0134,2023-02-15T09:02:48,05-02-2023 15:53:03,paid,EUR,254.61,19.47,14.05
ORD00857,CUST0185,2023-12-26T17:09:17,06-17-2023 00:41:32,cancelled,AED,310.34,15.23,13.19
ORD00858,CUST0161,2023-06-19T05:43:14,12-13-2023 16:18:15,shipped,AED,371.07,9.83,47.5
ORD00859,CUST0285,2023-11-28T06:50:59,12-25-2023 09:36:41,refunded,USD,102.57,1.09,9.16
ORD00860,CUST0241,2023-04-12T01:27:47,03-05-2023 12:26:33,refunded,,66.85,17.9,24.75
ORD00861,CUST0227,2023-05-19T11:00:29,10-03-2023 08:37:50,COMPLETE,,234.30,2.25,35.99
ORD00862,CUST0076,2023-02-18T00:32:27,05-16-2023 18:32:53,paid,EUR,435.40,3.61,8.41
ORD00863,CUST0261,2023-11-16T10:55:28,04-16-2023 22:36:05,COMPLETE,EUR,295.94,19.43,26.3
ORD00864,CUST0293,2023-03-12T03:01:25,06-11-2023 17:18:22,paid,EUR,386.44,13.54,44.37
ORD00865,CUST0014,2023-04-21T09:41:35,09-22-2023 14:17:28,paid,,193.04,18.58,5.3
ORD00866,CUST0166,2023-03-01T17:17:28,01-12-2023 05:07:47,paid,,417.04,13.19,22.7
ORD00867,,2023-04-15T14:13:47,08-19-2023 18:23:06,paid,AED,485.19,13.12,47.54
ORD00868,CUST0167,2023-10-12T02:29:44,10-13-2023 04:21:15,COMPLETE,EUR,113.57,0.97,32.18
ORD00869,CUST0166,2023-11-06T23:16:08,01-22-2023 13:37:26,paid,,55.35,5.1,12.0
ORD00870,CUST0395,2023-12-03T03:11:21,06-04-2023 22:10:42,paid,USD,427.65,3.26,38.97
ORD00871,CUST0146,2023-09-09T08:02:34,10-20-2023 06:21:15,shipped,USD,156.29,16.02,36.79
ORD00872,CUST0472,2023-05-01T10:21:13,12-17-2023 23:24:50,COMPLETE,EUR,185.93,1.92,18.37
ORD00873,CUST0103,2023-07-10T03:37:02,06-22-2023 23:49:27,refunded,,141.55,12.01,4.51
ORD00874,CUST0217,2023-11-11T23:00:55,05-24-2023 00:12:30,COMPLETE,EUR,222.71,8.52,2.02
ORD00875,CUST0175,2023-06-30T00:21:53,09-20-2023 16:52:41,shipped,EUR,466.03,10.55,32.36
ORD00876,CUST0043,2023-04-23T21:32:54,07-01-2023 20:07:08,refunded,USD,454.53,9.55,7.43
ORD00877,CUST0066,2023-09-23T18:16:05,12-17-2023 15:40:18,cancelled,EUR,266.32,5.91,2.39
ORD00878,CUST0040,2023-12-23T05:52:28,01-18-2023 12:18:53,COMPLETE,USD,260.22,8.26,23.23
ORD00879,CUST0369,2023-08-09T18:36:03,11-12-2023 16:04:33,cancelled,AED,134.88,1.64,25.17
ORD00880,CUST0059,2023-10-15T14:06:39,09-14-2023 22:21:24,refunded,EUR,395.23,16.86,2.26
ORD00881,CUST0214,2023-12-07T11:57:07,10-01-2023 13:17:02,cancelled,AED,297.73,9.1,33.51
ORD00882,CUST0320,2023-11-10T17:33:33,04-13-2023 22:40:20,cancelled,EUR,113.42,1.56,49.11
ORD00883,CUST0133,2023-12-05T12:02:52,09-19-2023 12:37:28,paid,,271.84,0.12,5.83
ORD00884,,2023-03-08T16:41:22,09-12-2023 16:30:29,refunded,,348.99,17.38,48.29
ORD00885,CUST0309,2023-10-09T21:59:04,07-09-2023 00:34:56,cancelled,AED,348.42,19.26,33.76
ORD00886,CUST0412,2023-04-28T12:57:52,02-04-2023 00:49:07,shipped,EUR,16.80,2.24,0.79
ORD00887,CUST0497,2023-03-15T02:20:52,11-30-2023 14:34:20,paid,EUR,245.75,2.9,12.09
ORD00888,CUST0432,2023-09-01T03:17:39,11-30-2023 06:54:16,COMPLETE,EUR,52.19,15.39,7.41
ORD00889,CUST0217,2023-01-09T11:20:51,02-15-2023 05:28:29,shipped,EUR,372.00,8.91,24.25
ORD00890,CUST0011,2023-11-30T21:53:01,06-24-2023 13:47:43,COMPLETE,EUR,108.66,11.39,41.69
ORD00891,CUST0027,2023-05-10T15:42:29,01-04-2023 01:23:37,paid,,489.95,16.97,36.85
ORD00892,CUST0306,2023-10-11T22:08:45,08-04-2023 06:29:33,cancelled,USD,248.87,9.72,29.55
ORD00893,CUST0314,2023-12-30T05:27:01,09-21-2023 13:38:36,refunded,EUR,360.00,10.57,21.1
ORD00894,CUST0162,2023-08-03T20:43:00,01-25-2023 15:57:41,cancelled,,445.68,2.34,31.13
ORD00895,CUST0331,2023-05-15T16:04:32,06-24-2023 02:41:43,refunded,USD,89.05,14.52,23.46
ORD00896,CUST0225,2023-04-01T03:21:28,07-17-2023 03:30:35,shipped,AED,461.65,17.07,35.76
ORD00897,CUST0240,2023-02-20T22:29:11,12-09-2023 23:46:21,cancelled,,480.30,16.66,33.66
ORD00898,CUST0377,2023-05-20T21:49:30,11-06-2023 03:00:10,refunded,EUR,314.70,5.65,37.46
ORD00899,CUST0342,2023-07-07T12:51:31,02-20-2023 03:16:01,shipped,EUR,86.59,9.84,39.67
ORD00900,CUST0483,2023-07-11T17:51:04,04-28-2023 22:14:26,shipped,EUR,282.85,19.99,17.94
ORD00901,,2023-04-12T06:54:24,05-19-2023 15:53:24,shipped,EUR,415.69,17.89,1.6
ORD00902,CUST0033,2023-05-12T03:54:57,06-17-2023 05:40:25,paid,EUR,69.14,4.48,12.89
ORD00903,CUST0175,2023-11-01T19:39:57,05-18-2023 23:05:09,paid,AED,449.20,17.07,43.68
ORD00904,CUST0310,2023-09-18T00:03:38,02-10-2023 10:40:26,paid,,401.50,19.25,37.79
ORD00905,CUST0500,2023-02-11T02:59:01,10-31-2023 13:31:42,COMPLETE,USD,413.57,0.84,5.27
ORD00906,CUST0323,2023-02-15T20:23:34,12-05-2023 05:05:30,shipped,AED,86.95,5.84,22.08
ORD00907,CUST0260,2023-07-13T13:20:26,10-12-2023 11:52:42,paid,EUR,327.08,6.69,6.89
ORD00908,CUST0435,2023-03-20T09:45:15,06-20-2023 12:47:14,refunded,USD,130.20,16.18,17.07
ORD00909,CUST0259,2023-03-08T12:16:32,02-03-2023 02:26:13,cancelled,AED,360.45,8.3,31.47
ORD00910,CUST0126,2023-02-28T21:07:08,10-20-2023 12:23:28,COMPLETE,,395.74,2.76,21.44
ORD00911,CUST0471,2023-06-08T23:02:21,12-15-2023 18:34:29,refunded,AED,472.43,8.85,38.51
ORD00912,CUST0368,2023-11-10T02:45:55,07-20-2023 22:02:21,paid,USD,175.77,8.03,38.62
ORD00913,CUST0223,2023-01-24T20:55:34,06-02-2023 17:30:26,paid,EUR,452.23,1.16,31.58
ORD00914,CUST0366,2023-11-07T07:52:45,09-14-2023 11:00:59,COMPLETE,AED,215.46,17.72,35.04
ORD00915,CUST0448,2023-04-29T04:29:46,10-08-2023 05:20:35,cancelled,AED,13.87,5.6,26.39
ORD00916,CUST0472,2023-02-27T00:51:04,09-29-2023 23:13:23,refunded,,325.50,17.75,31.22
ORD00917,CUST0317,2023-09-11T05:25:34,06-21-2023 17:04:44,cancelled,,389.95,17.62,4.21
ORD00918,,2023-07-28T17:14:35,05-10-2023 21:42:00,refunded,EUR,265.03,10.82,10.69
ORD00919,CUST0262,2023-08-03T07:01:00,05-02-2023 06:24:12,COMPLETE,AED,380.95,3.2,1.39
ORD00920,CUST0408,2023-07-29T16:32:13,08-19-2023 02:32:01,cancelled,EUR,417.79,6.08,21.14
ORD00921,CUST0259,2023-02-12T21:23:35,10-12-2023 06:36:20,paid,AED,137.28,10.15,6.19
ORD00922,CUST0388,2023-09-10T19:24:34,02-18-2023 10:45:08,refunded,AED,290.49,0.1,16.95
ORD00923,CUST0121,2023-11-09T18:45:22,10-17-2023 14:58:08,COMPLETE,EUR,181.67,5.69,39.24
ORD00924,CUST0367,2023-08-11T10:33:48,09-19-2023 03:32:14,shipped,,264.64,4.95,16.39
ORD00925,CUST0299,2023-03-16T18:44:42,11-16-2023 13:27:00,cancelled,,58.01,14.23,41.42
ORD00926,CUST0042,2023-02-05T19:49:09,01-25-2023 03:41:13,refunded,EUR,243.36,8.92,18.46
ORD00927,CUST0270,2023-06-06T09:56:11,08-17-2023 10:47:20,COMPLETE,,437.29,11.69,31.82
ORD00928,CUST0226,2023-09-25T14:06:42,12-28-2023 13:52:50,refunded,,413.67,2.89,6.36
ORD00929,CUST0365,2023-06-27T18:11:33,02-20-2023 05:57:26,COMPLETE,USD,350.29,9.11,1.63
ORD00930,CUST0081,2023-08-06T02:30:23,05-24-2023 10:25:27,paid,,64.06,7.39,14.48
ORD00931,CUST0268,2023-03-01T12:54:05,02-15-2023 17:26:13,cancelled,AED,495.60,6.07,24.3
ORD00932,CUST0406,2023-02-25T11:38:21,02-25-2023 04:50:20,COMPLETE,,33.84,17.89,44.45
ORD00933,CUST0111,2023-03-13T02:24:09,11-15-2023 02:47:56,refunded,USD,69.94,6.97,43.52
ORD00934,CUST0214,2023-07-06T20:53:21,08-11-2023 13:17:52,cancelled,,451.14,15.63,23.76
ORD00935,,2023-10-07T15:11:54,11-20-2023 18:29:35,COMPLETE,EUR,383.36,10.1,23.05
ORD00936,CUST0231,2023-09-17T02:56:53,06-24-2023 09:40:47,shipped,AED,53.76,12.5,31.18
ORD00937,CUST0199,2023-04-01T10:03:39,12-16-2023 14:53:10,refunded,AED,275.09,19.16,44.5
ORD00938,CUST0377,2023-04-18T17:19:23,09-08-2023 20:22:42,paid,EUR,356.53,11.44,39.81
ORD00939,CUST0363,2023-04-30T22:40:21,08-06-2023 21:18:44,paid,USD,104.29,12.37,28.84
ORD00940,CUST0028,2023-08-10T11:03:46,07-22-2023 15:05:52,shipped,,256.29,0.37,32.91
ORD00941,CUST0273,2023-03-11T19:19:47,01-08-2023 08:50:47,cancelled,EUR,130.19,14.11,44.38
ORD00942,CUST0228,2023-02-02T20:58:33,11-10-2023 09:02:56,COMPLETE,AED,206.88,0.9,43.1
ORD00943,CUST0012,2023-05-13T00:37:29,06-19-2023 17:17:51,shipped,,21.79,10.56,19.1
ORD00944,CUST0047,2023-02-14T12:33:55,02-08-2023 13:51:23,COMPLETE,EUR,149.82,3.65,38.42
ORD00945,CUST0079,2023-04-30T03:31:45,06-08-2023 04:05:29,shipped,USD,311.09,6.51,1.36
ORD00946,CUST0030,2023-04-26T17:47:17,06-01-2023 10:30:05,paid,AED,79.81,17.86,12.9
ORD00947,CUST0483,2023-11-18T11:06:32,12-16-2023 07:57:42,paid,USD,109.25,15.04,29.3
ORD00948,CUST0253,2023-07-17T12:41:37,10-20-2023 04:46:58,COMPLETE,,475.18,5.39,15.92
ORD00949,CUST0284,2023-06-08T02:13:39,01-26-2023 10:06:53,refunded,USD,209.67,4.67,44.31
ORD00950,CUST0138,2023-08-04T04:21:20,08-16-2023 15:31:31,paid,EUR,383.86,13.03,6.28
ORD00951,CUST0291,2023-06-07T23:08:48,06-23-2023 04:51:21,paid,EUR,393.61,2.85,27.02
ORD00952,,2023-03-07T07:37:43,10-31-2023 16:59:19,shipped,,481.06,11.1,2.09
ORD00953,CUST0417,2023-06-30T10:52:15,11-19-2023 02:18:19,COMPLETE,AED,330.00,3.35,3.01
ORD00954,CUST0472,2023-07-07T06:18:06,04-17-2023 03:22:04,COMPLETE,AED,421.35,7.6,17.57
ORD00955,CUST0324,2023-03-24T15:00:44,08-16-2023 06:04:43,COMPLETE,AED,32.29,14.78,28.15
ORD00956,CUST0154,2023-02-04T20:12:19,06-03-2023 12:30:31,paid,EUR,365.29,19.98,43.91
ORD00957,CUST0108,2023-08-26T01:45:45,07-16-2023 01:15:56,cancelled,AED,321.23,19.59,35.39
ORD00958,CUST0140,2023-04-06T12:13:03,09-15-2023 04:52:09,cancelled,AED,113.21,19.18,16.42
ORD00959,CUST0468,2023-09-26T16:27:48,02-21-2023 22:24:51,paid,,12.10,0.19,8.68
ORD00960,CUST0285,2023-12-14T16:30:15,09-28-2023 11:45:24,refunded,,273.68,15.75,32.45
ORD00961,CUST0040,2023-07-29T04:34:32,01-13-2023 00:27:06,refunded,USD,182.97,16.26,41.37
ORD00962,CUST0184,2023-05-31T04:46:51,03-10-2023 19:29:56,paid,USD,236.72,18.72,22.23
ORD00963,CUST0114,2023-10-16T14:36:29,01-08-2023 16:22:42,cancelled,AED,103.84,16.33,31.26
ORD00964,CUST0414,2023-10-06T18:28:11,03-27-2023 21:14:44,shipped,,483.98,0.74,24.64
ORD00965,CUST0361,2023-10-02T13:25:09,08-24-2023 08:34:50,shipped,USD,106.08,16.42,19.8
ORD00966,CUST0446,2023-04-18T17:03:59,08-10-2023 00:25:02,COMPLETE,,93.53,3.88,36.94
ORD00967,CUST0345,2023-09-23T00:16:34,08-23-2023 04:06:41,COMPLETE,EUR,42.03,2.56,3.25
ORD00968,CUST0133,2023-12-29T13:26:29,08-10-2023 07:53:01,shipped,AED,104.01,13.56,49.6
ORD00969,,2023-09-27T03:05:45,09-21-2023 04:56:34,COMPLETE,AED,343.53,17.66,0.1
ORD00970,CUST0219,2023-09-06T22:14:19,09-19-2023 09:44:40,paid,AED,221.95,19.9,13.7
ORD00971,CUST0349,2023-07-21T06:51:43,07-01-2023 04:54:12,refunded,AED,263.46,0.87,36.06
ORD00972,CUST0025,2023-04-18T22:31:24,12-23-2023 16:01:44,refunded,,164.96,7.84,16.74
ORD00973,CUST0451,2023-08-11T01:44:42,11-10-2023 16:03:25,paid,EUR,489.27,8.48,3.72
ORD00974,CUST0128,2023-03-18T11:01:29,03-05-2023 21:04:45,cancelled,AED,40.79,12.51,1.39
ORD00975,CUST0222,2023-11-10T19:39:23,01-10-2023 07:54:55,COMPLETE,AED,421.85,4.94,23.68
ORD00976,CUST0491,2023-05-13T08:30:16,11-20-2023 07:37:32,paid,AED,264.64,4.73,3.65
ORD00977,CUST0308,2023-08-29T14:46:43,06-20-2023 07:23:27,paid,,293.68,1.71,3.03
ORD00978,CUST0018,2023-05-27T13:34:39,05-02-2023 15:58:33,paid,EUR,40.38,16.05,2.74
ORD00979,CUST0313,2023-09-01T04:28:09,06-17-2023 17:01:52,paid,USD,342.01,11.19,14.75
ORD00980,CUST0196,2023-06-05T23:57:27,02-07-2023 05:12:09,COMPLETE,,124.22,11.99,32.99
ORD00981,CUST0006,2023-06-26T02:05:56,05-30-2023 02:23:38,refunded,,441.17,12.38,16.98
ORD00982,CUST0481,2023-09-20T10:41:23,11-01-2023 01:25:42,paid,,263.43,11.76,5.4
ORD00983,CUST0007,2023-08-20T03:26:02,10-05-2023 00:25:56,paid,EUR,453.14,2.52,25.44
ORD00984,CUST0182,2023-06-13T12:04:10,07-06-2023 22:58:00,COMPLETE,,101.10,2.75,2.2
ORD00985,CUST0066,2023-05-02T00:56:44,08-16-2023 00:08:33,refunded,AED,162.48,17.7,38.77
ORD00986,,2023-02-27T05:57:07,07-02-2023 08:16:43,cancelled,AED,152.62,19.41,25.88
ORD00987,CUST0337,2023-09-21T10:13:03,02-26-2023 03:46:23,paid,EUR,258.48,16.7,42.94
ORD00988,CUST0217,2023-05-14T12:35:54,03-17-2023 21:19:35,shipped,EUR,394.78,6.83,33.39
ORD00989,CUST0356,2023-09-26T16:25:31,07-01-2023 12:30:21,COMPLETE,AED,427.48,11.32,16.78
ORD00990,CUST0154,2023-06-12T14:31:22,05-08-2023 14:57:05,shipped,USD,232.61,15.78,2.11
ORD00991,CUST0113,2023-12-24T06:35:20,01-02-2023 10:27:33,shipped,EUR,238.60,4.26,24.04
ORD00992,CUST0394,2023-11-13T09:06:47,05-09-2023 17:56:41,refunded,EUR,206.15,16.52,0.34
ORD00993,CUST0006,2023-01-29T15:13:27,05-19-2023 23:44:43,paid,USD,79.78,8.81,31.57
ORD00994,CUST0468,2023-10-25T07:16:56,05-20-2023 18:35:50,paid,USD,107.57,5.68,10.95
ORD00995,CUST0135,2023-10-07T04:02:36,03-09-2023 16:26:58,cancelled,EUR,97.49,0.43,42.14
ORD00996,CUST0467,2023-02-09T07:09:40,01-09-2023 03:40:33,shipped,,330.89,17.7,16.92
ORD00997,CUST0108,2023-04-29T11:28:50,06-27-2023 04:07:35,shipped,AED,406.65,13.22,47.06
ORD00998,CUST0410,2023-08-31T00:40:48,12-09-2023 09:42:07,refunded,USD,68.06,17.65,6.54
ORD00999,CUST0098,2023-03-16T10:35:56,07-26-2023 19:46:10,refunded,AED,165.80,8.59,31.81
ORD01000,CUST0472,2023-01-18T22:34:13,10-24-2023 08:26:35,COMPLETE,EUR,428.67,5.88,7.43
ORD00011,CUST0088,2023-11-08T04:51:49,08-29-2023 01:20:42,refunded,AED,53.18,16.89,12.17
